-- phpMyAdmin SQL Dump
-- version 4.9.1
-- https://www.phpmyadmin.net/
--
-- Host: localhost
-- Generation Time: Mar 30, 2021 at 06:50 AM
-- Server version: 8.0.23-0ubuntu0.20.04.1
-- PHP Version: 7.2.34-11+ubuntu20.04.1+deb.sury.org+1

SET SQL_MODE = "NO_AUTO_VALUE_ON_ZERO";
SET AUTOCOMMIT = 0;
START TRANSACTION;
SET time_zone = "+00:00";


/*!40101 SET @OLD_CHARACTER_SET_CLIENT=@@CHARACTER_SET_CLIENT */;
/*!40101 SET @OLD_CHARACTER_SET_RESULTS=@@CHARACTER_SET_RESULTS */;
/*!40101 SET @OLD_COLLATION_CONNECTION=@@COLLATION_CONNECTION */;
/*!40101 SET NAMES utf8mb4 */;

--
-- Database: `ecom-api`
--

-- --------------------------------------------------------

--
-- Table structure for table `failed_jobs`
--

CREATE TABLE `failed_jobs` (
  `id` bigint UNSIGNED NOT NULL,
  `connection` text COLLATE utf8mb4_unicode_ci NOT NULL,
  `queue` text COLLATE utf8mb4_unicode_ci NOT NULL,
  `payload` longtext COLLATE utf8mb4_unicode_ci NOT NULL,
  `exception` longtext COLLATE utf8mb4_unicode_ci NOT NULL,
  `failed_at` timestamp NOT NULL DEFAULT CURRENT_TIMESTAMP
) ENGINE=InnoDB DEFAULT CHARSET=utf8mb4 COLLATE=utf8mb4_unicode_ci;

-- --------------------------------------------------------

--
-- Table structure for table `migrations`
--

CREATE TABLE `migrations` (
  `id` int UNSIGNED NOT NULL,
  `migration` varchar(255) COLLATE utf8mb4_unicode_ci NOT NULL,
  `batch` int NOT NULL
) ENGINE=InnoDB DEFAULT CHARSET=utf8mb4 COLLATE=utf8mb4_unicode_ci;

--
-- Dumping data for table `migrations`
--

INSERT INTO `migrations` (`id`, `migration`, `batch`) VALUES
(1, '2014_10_12_000000_create_users_table', 1),
(2, '2014_10_12_100000_create_password_resets_table', 1),
(3, '2019_08_19_000000_create_failed_jobs_table', 1),
(4, '2021_03_30_053629_create_products_table', 1),
(5, '2021_03_30_053758_create_reviews_table', 1);

-- --------------------------------------------------------

--
-- Table structure for table `password_resets`
--

CREATE TABLE `password_resets` (
  `email` varchar(255) COLLATE utf8mb4_unicode_ci NOT NULL,
  `token` varchar(255) COLLATE utf8mb4_unicode_ci NOT NULL,
  `created_at` timestamp NULL DEFAULT NULL
) ENGINE=InnoDB DEFAULT CHARSET=utf8mb4 COLLATE=utf8mb4_unicode_ci;

-- --------------------------------------------------------

--
-- Table structure for table `products`
--

CREATE TABLE `products` (
  `id` int UNSIGNED NOT NULL,
  `name` varchar(255) COLLATE utf8mb4_unicode_ci NOT NULL,
  `detail` text COLLATE utf8mb4_unicode_ci NOT NULL,
  `price` int NOT NULL,
  `stock` int NOT NULL,
  `discount` int NOT NULL,
  `created_at` timestamp NULL DEFAULT NULL,
  `updated_at` timestamp NULL DEFAULT NULL
) ENGINE=InnoDB DEFAULT CHARSET=utf8mb4 COLLATE=utf8mb4_unicode_ci;

--
-- Dumping data for table `products`
--

INSERT INTO `products` (`id`, `name`, `detail`, `price`, `stock`, `discount`, `created_at`, `updated_at`) VALUES
(1, 'voluptatibus', 'Cum voluptatum et consequuntur dicta voluptatem voluptates. Ut sint sint voluptatem et dolorem reiciendis. Accusamus molestiae animi cupiditate qui perspiciatis. Magnam laborum quas quos vel.', 389, 5, 4, '2021-03-30 00:46:55', '2021-03-30 00:46:55'),
(2, 'voluptate', 'Voluptatem ad fugiat unde esse quia perspiciatis quia. Possimus ut ut necessitatibus libero optio sunt voluptatibus. Eveniet nostrum non mollitia. Eos consequatur neque consequuntur eum ea cum ut.', 924, 9, 7, '2021-03-30 00:46:55', '2021-03-30 00:46:55'),
(3, 'laudantium', 'Asperiores est ratione autem eaque omnis ipsa neque corrupti. Omnis fuga iure et ab. In molestias eveniet officiis tenetur dignissimos.', 309, 2, 30, '2021-03-30 00:46:55', '2021-03-30 00:46:55'),
(4, 'et', 'Quis aut totam est ea vel officiis. Totam ipsum expedita consequatur. Vero veritatis qui consequatur.', 943, 9, 10, '2021-03-30 00:46:55', '2021-03-30 00:46:55'),
(5, 'maxime', 'Voluptatem maiores nobis est ab dolor earum. Corporis quod sed aliquid distinctio qui et quo officia. Esse nobis perspiciatis aliquam atque id.', 759, 2, 2, '2021-03-30 00:46:56', '2021-03-30 00:46:56'),
(6, 'ullam', 'Architecto quas exercitationem alias recusandae. Voluptas architecto sint et ea enim. Soluta ex saepe numquam ut tenetur velit.', 950, 3, 9, '2021-03-30 00:46:56', '2021-03-30 00:46:56'),
(7, 'amet', 'Veniam sint nihil vel blanditiis et autem. Facere commodi sit facere eum dolorum cumque iste. Esse voluptate quia totam deleniti quia quasi.', 536, 4, 20, '2021-03-30 00:46:56', '2021-03-30 00:46:56'),
(8, 'rerum', 'Et accusamus iure quisquam eius. Amet molestiae in reiciendis asperiores dolor recusandae quis. Et sed soluta velit expedita nisi quia. Necessitatibus magni veritatis quisquam quisquam ipsam vel.', 724, 1, 10, '2021-03-30 00:46:56', '2021-03-30 00:46:56'),
(9, 'earum', 'Repellendus amet quia qui qui aut veniam. Quibusdam quod incidunt earum nemo unde. Illo qui maxime facere quibusdam quaerat vel.', 942, 6, 18, '2021-03-30 00:46:56', '2021-03-30 00:46:56'),
(10, 'tempore', 'Dicta ut in accusamus quas possimus dolorem. Perferendis est quis nihil dicta reprehenderit sint libero. Eum velit ut fugiat necessitatibus facere necessitatibus maiores. Voluptas eligendi porro consequuntur praesentium veniam. Non quos necessitatibus repellat soluta asperiores possimus.', 619, 5, 30, '2021-03-30 00:46:56', '2021-03-30 00:46:56'),
(11, 'consequatur', 'Sed autem veritatis tempore molestiae. Omnis quo nemo qui illum iste error laborum. Distinctio vitae tenetur voluptates voluptatem temporibus. Quasi quod laboriosam consequatur mollitia.', 895, 2, 9, '2021-03-30 00:46:56', '2021-03-30 00:46:56'),
(12, 'non', 'Deleniti aperiam cumque eum at nemo dolorem deserunt. Molestiae qui optio et odio. Veniam voluptate id explicabo officiis ipsa alias consequatur.', 821, 3, 3, '2021-03-30 00:46:57', '2021-03-30 00:46:57'),
(13, 'veritatis', 'Dolores sint eveniet vel quam necessitatibus. Voluptatem quae dignissimos fugit velit eum omnis. Voluptas assumenda voluptatem qui tempore iusto velit. Et doloribus ratione similique neque neque.', 986, 1, 6, '2021-03-30 00:46:57', '2021-03-30 00:46:57'),
(14, 'consequatur', 'Accusamus dolorem accusantium aliquid quo omnis animi minima. Ab consequatur explicabo blanditiis enim autem.', 994, 7, 24, '2021-03-30 00:46:57', '2021-03-30 00:46:57'),
(15, 'voluptate', 'Quis doloribus aut eligendi distinctio voluptatem vel. Aut est rerum quia sed error molestiae. Voluptatum pariatur ipsum nulla molestias soluta. Eius ab dicta qui et cumque officia.', 984, 2, 7, '2021-03-30 00:46:57', '2021-03-30 00:46:57'),
(16, 'enim', 'Sunt non quam possimus qui illo tempore. Aut placeat dolores consequatur fugiat id consequatur asperiores. Corrupti hic aut atque sequi necessitatibus in corporis.', 901, 5, 17, '2021-03-30 00:46:57', '2021-03-30 00:46:57'),
(17, 'commodi', 'Totam natus provident consequuntur aut necessitatibus aut earum. Id perspiciatis corrupti ea ad similique id. Illo laboriosam hic assumenda autem commodi esse in. Aut nostrum quisquam commodi quod.', 464, 9, 3, '2021-03-30 00:46:57', '2021-03-30 00:46:57'),
(18, 'non', 'Pariatur pariatur aspernatur ut praesentium sequi quia dolorem a. Consequuntur sunt adipisci rerum amet magnam dolor. Harum eveniet optio laboriosam facilis. Cupiditate vero maxime alias illo. Vitae voluptatem molestias atque quaerat.', 156, 0, 5, '2021-03-30 00:46:57', '2021-03-30 00:46:57'),
(19, 'totam', 'Neque in nobis ut eos rem magni culpa. Aut sit nihil at similique. Rerum quis voluptatem quas rerum recusandae eligendi quam. Necessitatibus dolorem quae laboriosam voluptate pariatur molestias maiores dolorum. Sint vitae occaecati voluptates reprehenderit quis voluptatum.', 124, 9, 15, '2021-03-30 00:46:57', '2021-03-30 00:46:57'),
(20, 'magni', 'Error a et est voluptatem. Harum aut consequatur corporis recusandae aspernatur molestiae minus autem. Eaque incidunt et ut ullam aut. Sunt ut quae minima perferendis at qui qui. Dolorum eligendi atque quisquam assumenda similique ipsa.', 972, 1, 19, '2021-03-30 00:46:57', '2021-03-30 00:46:57'),
(21, 'facilis', 'Sed enim quae nam sunt consequuntur reiciendis alias. Officiis impedit dolores voluptatem. Voluptate dolores in qui illo consectetur et architecto. Voluptatem ut quia sit assumenda incidunt sit quis nihil.', 354, 8, 6, '2021-03-30 00:46:58', '2021-03-30 00:46:58'),
(22, 'qui', 'Illo reiciendis maxime totam laudantium dignissimos quia consequatur. Consequatur adipisci itaque quo omnis sit illum. Minima incidunt ut autem illo ipsam velit id.', 410, 2, 20, '2021-03-30 00:46:58', '2021-03-30 00:46:58'),
(23, 'rerum', 'Non esse in ut aliquam. Ad consequatur occaecati nostrum blanditiis quae praesentium nulla. Reprehenderit quis enim maiores ut deserunt atque tenetur. Provident omnis vero officia et est consectetur quia. Quas ex corrupti ex qui vitae.', 253, 8, 21, '2021-03-30 00:46:58', '2021-03-30 00:46:58'),
(24, 'molestiae', 'Id delectus ipsum voluptates odit dolores magni expedita. Ea saepe tempora et quis suscipit voluptatum a. Autem porro ex iusto earum tempora eligendi.', 526, 3, 8, '2021-03-30 00:46:58', '2021-03-30 00:46:58'),
(25, 'commodi', 'Et quod consequuntur molestiae ut. Culpa fugit et tempore inventore alias nihil. Ea ipsum voluptatem numquam sapiente laboriosam. Sint hic maiores ea.', 899, 8, 26, '2021-03-30 00:46:58', '2021-03-30 00:46:58'),
(26, 'harum', 'Deserunt quis dolorem nobis ut possimus similique sapiente. Assumenda aperiam ipsum doloremque autem. Voluptatibus quia sit illo qui.', 561, 6, 2, '2021-03-30 00:46:58', '2021-03-30 00:46:58'),
(27, 'voluptatem', 'Voluptas excepturi facilis tenetur rerum cumque. Doloribus explicabo omnis id reprehenderit eum fugit beatae.', 826, 1, 4, '2021-03-30 00:46:58', '2021-03-30 00:46:58'),
(28, 'nostrum', 'Pariatur minima perspiciatis cupiditate in porro. Sunt eius veritatis modi iusto est. Optio incidunt culpa rerum excepturi et in ducimus eum. Fugiat cupiditate qui voluptatem et.', 736, 5, 18, '2021-03-30 00:46:58', '2021-03-30 00:46:58'),
(29, 'quaerat', 'Pariatur unde autem harum rerum quas recusandae. Libero voluptatem odit culpa at quis deserunt nulla. Rerum veritatis nam laboriosam provident.', 930, 0, 12, '2021-03-30 00:46:58', '2021-03-30 00:46:58'),
(30, 'ad', 'Eveniet ab distinctio qui tenetur provident totam nobis. Non impedit dolores voluptatem omnis nulla ex eum. Ea ducimus minima explicabo ipsa sunt repellat recusandae.', 827, 6, 14, '2021-03-30 00:46:58', '2021-03-30 00:46:58'),
(31, 'praesentium', 'Minima consequatur eum distinctio rerum. Est numquam eum quibusdam possimus consequatur neque voluptatem libero. Ad voluptate voluptatibus minima eum dolorem eum.', 512, 1, 20, '2021-03-30 00:46:59', '2021-03-30 00:46:59'),
(32, 'distinctio', 'Officiis aut sint quia est et quod beatae dolore. Nostrum sed quaerat asperiores enim animi perspiciatis. Nulla laboriosam veniam exercitationem ut quia exercitationem. Impedit maxime assumenda et quasi.', 979, 3, 24, '2021-03-30 00:46:59', '2021-03-30 00:46:59'),
(33, 'deserunt', 'Aut omnis omnis eum. Nihil id omnis aliquam illum quisquam aliquam. Est nihil est sint sed neque.', 413, 4, 29, '2021-03-30 00:46:59', '2021-03-30 00:46:59'),
(34, 'id', 'Quasi incidunt aut doloremque culpa. Error temporibus ut reprehenderit qui id et voluptatem. Sed blanditiis odit et ut eum cumque. Ut rerum labore pariatur dolores autem suscipit.', 401, 4, 25, '2021-03-30 00:46:59', '2021-03-30 00:46:59'),
(35, 'qui', 'Delectus ducimus et in et non numquam. Enim in labore cupiditate voluptas officia nostrum. Illum laboriosam odit molestiae ea sunt explicabo iusto.', 806, 7, 27, '2021-03-30 00:46:59', '2021-03-30 00:46:59'),
(36, 'placeat', 'Ea et reprehenderit ut vel accusamus harum. Delectus in sapiente provident nulla aut et veritatis aliquid. Laborum est ut quia nulla et.', 403, 9, 2, '2021-03-30 00:46:59', '2021-03-30 00:46:59'),
(37, 'recusandae', 'Quaerat quia labore ex nesciunt rerum eius quae. Dolorum earum cumque eos rerum corporis et quia. Molestiae eum quia quod ipsam tenetur.', 467, 0, 28, '2021-03-30 00:46:59', '2021-03-30 00:46:59'),
(38, 'sint', 'Vel autem ullam similique illo assumenda quas cupiditate cupiditate. Velit officiis exercitationem omnis voluptatum dolor.', 473, 8, 8, '2021-03-30 00:46:59', '2021-03-30 00:46:59'),
(39, 'et', 'Illo dolorem commodi doloremque. Quas ut ducimus reprehenderit delectus eaque sed aut. Repellat vitae et porro voluptates ducimus corrupti. Voluptas molestiae necessitatibus et sint.', 783, 2, 3, '2021-03-30 00:46:59', '2021-03-30 00:46:59'),
(40, 'error', 'Et velit fuga id quis voluptas harum. Qui quo voluptatem et. Commodi qui amet vel molestiae.', 212, 1, 6, '2021-03-30 00:46:59', '2021-03-30 00:46:59'),
(41, 'dicta', 'Ducimus cum rem optio neque. Corrupti eligendi suscipit eveniet in totam molestias. Odit minus blanditiis qui. Numquam voluptas sit voluptatem esse sint voluptates.', 236, 4, 6, '2021-03-30 00:47:00', '2021-03-30 00:47:00'),
(42, 'officiis', 'Alias quaerat nobis maxime magnam. Itaque hic et et fugit possimus labore.', 101, 5, 15, '2021-03-30 00:47:00', '2021-03-30 00:47:00'),
(43, 'a', 'Omnis omnis et voluptatum natus quo sint sint velit. Non ipsam quaerat repellat neque assumenda explicabo. Laboriosam facilis et et commodi error. Reprehenderit et amet perferendis velit perferendis qui. Vel consectetur quo id rerum nostrum corporis.', 143, 8, 25, '2021-03-30 00:47:00', '2021-03-30 00:47:00'),
(44, 'ad', 'In veritatis ullam voluptatem. Impedit fuga non blanditiis mollitia nisi sunt voluptas quos. Repellat qui fugit consequatur nulla autem. Deleniti laborum voluptatibus eos assumenda voluptatem autem cum.', 316, 4, 27, '2021-03-30 00:47:00', '2021-03-30 00:47:00'),
(45, 'nihil', 'Fugiat qui in in possimus. Iste qui blanditiis aliquam qui voluptatem. Ipsam laboriosam qui numquam iusto corrupti exercitationem. Ullam enim cumque recusandae dolorum.', 180, 5, 14, '2021-03-30 00:47:00', '2021-03-30 00:47:00'),
(46, 'quia', 'Quo soluta labore repudiandae. Eos adipisci nulla est. Animi architecto alias impedit.', 379, 2, 7, '2021-03-30 00:47:00', '2021-03-30 00:47:00'),
(47, 'sit', 'Aliquam fugiat et excepturi repellat. Praesentium quisquam iste eum delectus veritatis. Nulla laborum facere facilis nihil eos sequi voluptatem. Minima nisi iure quam sint sit blanditiis dolores in.', 998, 4, 30, '2021-03-30 00:47:00', '2021-03-30 00:47:00'),
(48, 'odio', 'Est similique consequatur nobis. Aperiam id cum voluptatem qui. Sint eligendi repellat ut quis. Quia quisquam est omnis eveniet.', 830, 0, 3, '2021-03-30 00:47:00', '2021-03-30 00:47:00'),
(49, 'fugit', 'Autem iure mollitia enim est magnam sit. Eius est illum consequatur dolorum autem doloremque. Sed quos blanditiis ullam nesciunt.', 509, 7, 8, '2021-03-30 00:47:00', '2021-03-30 00:47:00'),
(50, 'vero', 'Modi corrupti rerum non itaque. Aut qui sed iste vitae eveniet sed assumenda. Unde neque facilis architecto doloremque. Dolorem possimus sunt quo id non.', 264, 1, 14, '2021-03-30 00:47:00', '2021-03-30 00:47:00');

-- --------------------------------------------------------

--
-- Table structure for table `reviews`
--

CREATE TABLE `reviews` (
  `id` int UNSIGNED NOT NULL,
  `product_id` int UNSIGNED NOT NULL,
  `customer` varchar(255) COLLATE utf8mb4_unicode_ci NOT NULL,
  `review` text COLLATE utf8mb4_unicode_ci NOT NULL,
  `star` int NOT NULL,
  `created_at` timestamp NULL DEFAULT NULL,
  `updated_at` timestamp NULL DEFAULT NULL
) ENGINE=InnoDB DEFAULT CHARSET=utf8mb4 COLLATE=utf8mb4_unicode_ci;

--
-- Dumping data for table `reviews`
--

INSERT INTO `reviews` (`id`, `product_id`, `customer`, `review`, `star`, `created_at`, `updated_at`) VALUES
(1, 48, 'Allen Upton', 'Et magnam ut et tempora odit. Voluptatem corrupti eum eos exercitationem. Corporis numquam veritatis atque vero dolorum sint. Voluptas aspernatur cumque a quidem. Impedit hic deserunt omnis.', 5, '2021-03-30 00:47:01', '2021-03-30 00:47:01'),
(2, 34, 'Prof. William Okuneva', 'Et debitis praesentium ipsa et et. Quo dolore quo autem veniam. Et odit velit non et qui nihil molestiae. Eius inventore animi molestias qui expedita quia delectus. Voluptate ullam rerum iste magni corporis quos.', 4, '2021-03-30 00:47:01', '2021-03-30 00:47:01'),
(3, 21, 'Domenico Bailey', 'Est asperiores soluta exercitationem mollitia. Quisquam nobis ut porro omnis quaerat. Mollitia voluptas aut corrupti est eveniet non.', 3, '2021-03-30 00:47:01', '2021-03-30 00:47:01'),
(4, 15, 'Mr. Valentin Ankunding MD', 'Quisquam et quia eaque tempore saepe. Natus nam sed ex aut. Possimus consequuntur nemo fugiat quis.', 4, '2021-03-30 00:47:01', '2021-03-30 00:47:01'),
(5, 43, 'Andrew Ledner', 'Atque dignissimos ut molestias et. Ut rem ut aut totam. Voluptas consequatur quo laborum est omnis quo. Harum aspernatur quae doloremque ut necessitatibus.', 1, '2021-03-30 00:47:01', '2021-03-30 00:47:01'),
(6, 46, 'Sophia Harvey', 'Quia itaque ut eaque id sequi rem. Repudiandae voluptas quod debitis magni excepturi magni voluptatem tenetur. Maiores deserunt consequatur maxime soluta voluptas beatae dolorum.', 0, '2021-03-30 00:47:01', '2021-03-30 00:47:01'),
(7, 45, 'Rosalee Bernier', 'Et non quas modi placeat. Nostrum et magni nisi iusto placeat. Dolor impedit illum voluptas labore voluptate sit adipisci.', 4, '2021-03-30 00:47:01', '2021-03-30 00:47:01'),
(8, 47, 'Kale Connelly', 'Quia quod est dolor rem. Totam atque modi aut magnam et sed hic. Eligendi perferendis omnis officia consequatur. Rerum quae possimus fuga dicta rerum ab.', 0, '2021-03-30 00:47:02', '2021-03-30 00:47:02'),
(9, 6, 'Nikki Koelpin', 'Consequatur molestiae omnis animi delectus facere quis quo. Quo non consequatur molestiae nobis voluptatem ipsam veritatis. Et quibusdam tempore error qui eaque quia animi.', 5, '2021-03-30 00:47:02', '2021-03-30 00:47:02'),
(10, 43, 'Mr. Ryan Cormier Jr.', 'Quo odit molestiae aut labore necessitatibus doloremque consequuntur. Voluptatem modi velit qui aut ex molestiae. Necessitatibus vel delectus omnis. Occaecati quia assumenda delectus soluta deserunt.', 0, '2021-03-30 00:47:02', '2021-03-30 00:47:02'),
(11, 33, 'Janet Rice DVM', 'Eum consequatur laboriosam minus consequatur blanditiis. Qui laborum reiciendis eos autem. Laborum ducimus sint qui quibusdam est ipsum architecto eligendi. Porro adipisci impedit excepturi officia autem et.', 3, '2021-03-30 00:47:02', '2021-03-30 00:47:02'),
(12, 39, 'Elvis Stark', 'Officia beatae omnis rerum quos. Quis sed dolorum enim accusantium id. Eos omnis ut voluptas eum ut accusamus.', 2, '2021-03-30 00:47:02', '2021-03-30 00:47:02'),
(13, 30, 'Lisette Hauck', 'Molestiae quia qui hic sint. Quo deserunt laborum quos praesentium. Fugit consectetur maiores molestiae voluptas autem. Sunt reprehenderit iure repellat.', 3, '2021-03-30 00:47:02', '2021-03-30 00:47:02'),
(14, 33, 'Miss Jenifer Mraz', 'Neque laboriosam nemo officia iusto repellat. Velit commodi delectus voluptates eius ut architecto. Tempore eius est repudiandae dolor ipsa autem sit corrupti. Adipisci veritatis ad quisquam tenetur quam qui repellat illum.', 0, '2021-03-30 00:47:02', '2021-03-30 00:47:02'),
(15, 38, 'Josie O\'Keefe II', 'Reiciendis enim et eveniet nobis dicta ratione id. Nesciunt quia itaque tempore nesciunt cumque sint eius. Aut possimus error vel id deleniti corporis eum.', 1, '2021-03-30 00:47:02', '2021-03-30 00:47:02'),
(16, 43, 'Gideon Zemlak I', 'A ut fuga consequatur ut voluptas eos. Quia nulla ullam soluta est quam quasi eaque. Minus dolores cum optio.', 3, '2021-03-30 00:47:03', '2021-03-30 00:47:03'),
(17, 9, 'Camden Frami Jr.', 'Enim totam qui temporibus qui possimus omnis nulla. Tempora est consectetur enim. Beatae vel odio error doloremque quae quidem rerum.', 5, '2021-03-30 00:47:03', '2021-03-30 00:47:03'),
(18, 23, 'Mortimer Marvin', 'Ad assumenda ducimus qui aut qui. Est nobis omnis id voluptatum perferendis. Et id tempore alias eligendi ipsam placeat. Magnam et dolores voluptatem dolore et placeat rerum et.', 2, '2021-03-30 00:47:03', '2021-03-30 00:47:03'),
(19, 49, 'Nakia Ward', 'Ut ducimus suscipit nihil autem ipsam. Nihil deserunt aut ex dolor temporibus. Sunt facilis deserunt error ut.', 1, '2021-03-30 00:47:03', '2021-03-30 00:47:03'),
(20, 19, 'Alexis Stoltenberg', 'Autem eveniet sint nostrum aliquid tempore quidem. Autem consequatur velit sunt accusamus minima vel nihil. Et ipsa et voluptas et quisquam veniam.', 0, '2021-03-30 00:47:03', '2021-03-30 00:47:03'),
(21, 32, 'Mrs. Zoie Ziemann', 'Dignissimos quam porro maxime. Et molestiae dolorem aut recusandae. Est sed hic deserunt eligendi aliquid saepe.', 1, '2021-03-30 00:47:03', '2021-03-30 00:47:03'),
(22, 25, 'Clementina Haley', 'Quod necessitatibus consequatur enim culpa amet. Et modi cum quidem qui accusantium ad quasi earum. Dolorem quia excepturi aut fuga vel quisquam.', 2, '2021-03-30 00:47:03', '2021-03-30 00:47:03'),
(23, 33, 'Kailey Hessel', 'Et ducimus incidunt itaque repellendus recusandae. Consequuntur vel id laudantium quibusdam sit praesentium dolor. Magni eum molestiae dolorem quo. Quis doloremque ex quia soluta et ipsa voluptatem et.', 0, '2021-03-30 00:47:03', '2021-03-30 00:47:03'),
(24, 28, 'Lelah Hermiston', 'Nobis recusandae accusamus sunt nulla debitis corrupti. Illo non ut rerum suscipit animi. Illum voluptates velit est voluptate enim id beatae. Quasi repudiandae ipsa rerum ullam.', 4, '2021-03-30 00:47:03', '2021-03-30 00:47:03'),
(25, 24, 'Nestor Stamm', 'Tenetur et aspernatur debitis eum dolorum. Impedit sed ullam sapiente sed ad in. Dicta aliquam illo eum quo minima reiciendis est. Accusantium labore quis sit.', 5, '2021-03-30 00:47:03', '2021-03-30 00:47:03'),
(26, 14, 'Salvador Dibbert', 'Suscipit quas iusto aut quaerat odit. Beatae nihil aut aliquam non totam ducimus accusantium. Eaque corrupti unde laborum voluptates.', 5, '2021-03-30 00:47:04', '2021-03-30 00:47:04'),
(27, 13, 'Porter Mosciski', 'Dolorem libero amet dolor est minima. Exercitationem magnam inventore doloremque iusto recusandae est animi nostrum.', 4, '2021-03-30 00:47:04', '2021-03-30 00:47:04'),
(28, 33, 'Darren Sanford II', 'Excepturi impedit perferendis nam dolorum. Nulla modi reiciendis similique eum et optio repudiandae. Et et sunt animi ipsum id doloremque velit. Nihil et consequatur voluptatum cumque facere velit dolores.', 0, '2021-03-30 00:47:04', '2021-03-30 00:47:04'),
(29, 7, 'Dr. Julian Runolfsdottir', 'Unde illum qui deleniti dolor. Deleniti quo accusamus expedita atque aperiam consequatur incidunt. Eius nisi blanditiis magnam ullam quaerat impedit repudiandae consectetur. Iste voluptatem dignissimos vitae similique.', 0, '2021-03-30 00:47:04', '2021-03-30 00:47:04'),
(30, 20, 'Kenyon Swaniawski', 'Iste in aut commodi velit qui et voluptatem. Ipsum iure quo officiis qui. Natus tempore ut repellat quasi incidunt at ea. Pariatur cupiditate reiciendis nobis ut.', 2, '2021-03-30 00:47:04', '2021-03-30 00:47:04'),
(31, 9, 'Dr. June Wilkinson', 'Totam in earum nemo aut maxime voluptates. Consequatur inventore deserunt aliquam hic saepe suscipit est. Fuga id iste nesciunt et commodi suscipit similique. Voluptatem tempora qui modi nobis et sapiente dignissimos vel. Quia itaque tempora qui dolorem.', 4, '2021-03-30 00:47:04', '2021-03-30 00:47:04'),
(32, 36, 'Art Schaefer IV', 'Saepe odit error voluptatem alias. Rerum odit est et quaerat id omnis modi. Qui quas id vel dolor.', 5, '2021-03-30 00:47:04', '2021-03-30 00:47:04'),
(33, 35, 'Avery Marks', 'Ut sunt libero quos voluptas amet tempore recusandae. Pariatur delectus dolorum beatae enim ea. Dolores est deleniti eos voluptatibus in unde odit doloremque.', 2, '2021-03-30 00:47:04', '2021-03-30 00:47:04'),
(34, 43, 'Amiya Nikolaus', 'Rem vero sequi ut. Eum saepe quae aut. Illo omnis sit aliquid sit at tempora dolorem distinctio. Ipsa minus repudiandae voluptatem et est nihil in.', 5, '2021-03-30 00:47:04', '2021-03-30 00:47:04'),
(35, 18, 'Angelica Emmerich DVM', 'Voluptas vero error corrupti necessitatibus facere quo. Magnam quod quas sed dolorem amet ullam ipsa. Sunt nihil non possimus sint eius beatae. Delectus nesciunt accusantium doloribus ratione.', 2, '2021-03-30 00:47:04', '2021-03-30 00:47:04'),
(36, 49, 'Adelbert Kunde', 'Vel et rerum est. Omnis aut veniam est voluptatem ab omnis natus. Ab non quidem possimus odio unde totam.', 2, '2021-03-30 00:47:05', '2021-03-30 00:47:05'),
(37, 33, 'Destany Legros', 'Veritatis sint consequuntur est iste dolores. Beatae architecto neque et rerum id hic velit qui.', 0, '2021-03-30 00:47:05', '2021-03-30 00:47:05'),
(38, 40, 'Dr. Damian Simonis', 'Ut ex est atque occaecati similique nisi. Aut sed accusantium quis in molestias id. Qui aperiam aut veritatis ipsum.', 5, '2021-03-30 00:47:05', '2021-03-30 00:47:05'),
(39, 3, 'Prof. Benjamin Reilly I', 'Velit quis consequatur consequuntur et. Tenetur quis quis natus ex dolor tempore. Ut eos et molestiae numquam labore illo rerum.', 5, '2021-03-30 00:47:05', '2021-03-30 00:47:05'),
(40, 35, 'Ms. Madge Bergstrom', 'Cumque ipsa ipsum quidem quos nesciunt vel. Ut delectus rem ad soluta eius nihil. Iusto nobis nihil quisquam. Odit laborum eos neque reprehenderit et.', 3, '2021-03-30 00:47:05', '2021-03-30 00:47:05'),
(41, 6, 'Oma Larkin', 'Modi odio nesciunt dolorem dolores aperiam et qui. Tenetur qui est asperiores ipsa voluptatem qui possimus blanditiis. Eveniet et ut repellendus dolorem. Placeat ad voluptate earum quisquam accusamus architecto. Eius sit nobis nihil recusandae soluta.', 4, '2021-03-30 00:47:05', '2021-03-30 00:47:05'),
(42, 41, 'Prof. Nigel McLaughlin Sr.', 'Vero voluptas id aliquid qui error dolorem exercitationem. Sequi nihil rerum nemo cupiditate. Eos excepturi iste ratione id ea.', 3, '2021-03-30 00:47:05', '2021-03-30 00:47:05'),
(43, 41, 'Prof. Ora Ward', 'Eum rerum exercitationem ut facilis velit. Aut aliquam rerum ex maxime. Dolorem rerum esse tenetur fugit omnis.', 3, '2021-03-30 00:47:05', '2021-03-30 00:47:05'),
(44, 11, 'Lilla Labadie', 'Rem et fugit fugit est non ducimus. Soluta rerum odit dolores nemo numquam totam facere. Ut dolor aliquam quo rerum mollitia id et. Et dolore est impedit. Nulla commodi assumenda maxime error corporis et nesciunt.', 0, '2021-03-30 00:47:05', '2021-03-30 00:47:05'),
(45, 33, 'Oma Wunsch', 'Sed placeat nisi perferendis accusamus ex quia dolorem aut. Voluptatibus tenetur non rerum dolorem et aut. Ut ducimus maiores nostrum ullam qui quaerat qui voluptatem.', 1, '2021-03-30 00:47:05', '2021-03-30 00:47:05'),
(46, 6, 'Clementina Collins', 'Et est voluptatem laudantium consectetur deserunt inventore. Sit omnis ut natus adipisci dolorem illo. Eveniet doloremque qui nihil. Et rerum doloribus magnam amet enim.', 4, '2021-03-30 00:47:06', '2021-03-30 00:47:06'),
(47, 4, 'Francesca Pfannerstill', 'Provident corrupti minus ut animi. A ipsum ipsum natus voluptate ut molestiae sequi. Vero reiciendis et perspiciatis itaque.', 3, '2021-03-30 00:47:06', '2021-03-30 00:47:06'),
(48, 25, 'Brennon Emard', 'Excepturi magni maiores et ut sed. Doloribus et non qui optio ratione officiis rerum iusto. Aut nesciunt consequatur assumenda eum facilis ad.', 1, '2021-03-30 00:47:06', '2021-03-30 00:47:06'),
(49, 1, 'Prof. Etha Feest III', 'Quod tenetur consequatur vitae ut et fuga dolorem voluptatem. Enim cupiditate quam ab qui quia minima pariatur. Ab repudiandae illum dolor et totam doloribus aspernatur.', 5, '2021-03-30 00:47:06', '2021-03-30 00:47:06'),
(50, 18, 'Miss Avis Oberbrunner DDS', 'Odio cupiditate iste suscipit quis non aut. Est sint facere quisquam et officia aliquid. Quia cupiditate id animi sequi minima quam quia. Nisi sunt omnis fugit sed ut tempore.', 0, '2021-03-30 00:47:06', '2021-03-30 00:47:06'),
(51, 25, 'Cordelia Balistreri', 'Cumque quia voluptatum culpa dignissimos eum. Ducimus et quia porro perferendis velit vel. Rerum iure non dolorum aut voluptas.', 5, '2021-03-30 00:47:06', '2021-03-30 00:47:06'),
(52, 8, 'Monserrat Will', 'Doloremque deserunt qui rerum deserunt consequatur. Provident consequatur id voluptates tenetur saepe impedit atque suscipit. Nihil vel debitis veritatis expedita ipsam. Aut dolorum doloribus ut.', 3, '2021-03-30 00:47:06', '2021-03-30 00:47:06'),
(53, 32, 'Raina Spinka PhD', 'Aliquid ullam ducimus temporibus repellendus. Nulla quos et suscipit non magni et deleniti. Perspiciatis sint ipsum ipsam vitae explicabo expedita omnis. Ut illo ullam molestiae.', 0, '2021-03-30 00:47:06', '2021-03-30 00:47:06'),
(54, 37, 'Dr. Giuseppe Goodwin III', 'Sapiente corporis illum et modi. Quis sunt dolorem consequatur corporis nisi magni illum. Similique sunt officiis ullam iste.', 3, '2021-03-30 00:47:06', '2021-03-30 00:47:06'),
(55, 21, 'Jesse Carter III', 'Autem corporis est magnam dolores aliquid. Et molestiae magni ad saepe quia nostrum aut laudantium. Deserunt laborum aliquam illo a excepturi ut sit.', 5, '2021-03-30 00:47:07', '2021-03-30 00:47:07'),
(56, 1, 'Martina Kohler', 'Animi commodi nemo molestiae. Itaque earum velit sint commodi rem at praesentium. Sint ducimus doloremque quis sit ut illo culpa accusantium. Rerum temporibus et labore et ad possimus vero.', 4, '2021-03-30 00:47:07', '2021-03-30 00:47:07'),
(57, 34, 'Miss Minerva Legros II', 'Et a tempora dolor eos corrupti. Facere est similique amet quidem quis.', 3, '2021-03-30 00:47:07', '2021-03-30 00:47:07'),
(58, 27, 'Dr. Dolores Jenkins', 'Mollitia voluptatem fugit velit ea. Quo quibusdam voluptas eligendi sint omnis dolorem labore. Magnam quidem fuga voluptatum sapiente.', 1, '2021-03-30 00:47:07', '2021-03-30 00:47:07'),
(59, 25, 'Angela Moore', 'Quas sed omnis quia recusandae. A vero et aut quo quia. Incidunt perferendis aperiam dolorem.', 4, '2021-03-30 00:47:07', '2021-03-30 00:47:07'),
(60, 38, 'Ulices Rowe', 'Cupiditate quod quia consequatur numquam. Esse repellat ut doloremque officiis laboriosam.', 2, '2021-03-30 00:47:07', '2021-03-30 00:47:07'),
(61, 5, 'Werner Volkman', 'Quasi in non perspiciatis inventore sapiente molestias reiciendis. Tempora sit ut doloribus. Autem explicabo ad ut nesciunt non blanditiis. Architecto voluptatem voluptatem deleniti dolores nihil cupiditate. Iusto eum quibusdam soluta in.', 1, '2021-03-30 00:47:07', '2021-03-30 00:47:07'),
(62, 20, 'Gracie Gulgowski DDS', 'Ex natus aut labore et omnis et. Rem aliquam deserunt ut illum est voluptatem exercitationem. Quia quo minima voluptas perspiciatis. Accusantium ut voluptatem ipsum occaecati.', 0, '2021-03-30 00:47:07', '2021-03-30 00:47:07'),
(63, 45, 'Lucious Nader IV', 'Nam quisquam quaerat non. Autem in reiciendis doloremque saepe error. Dolores consequatur possimus minus occaecati. Modi omnis voluptatum qui in.', 3, '2021-03-30 00:47:07', '2021-03-30 00:47:07'),
(64, 29, 'Emie Jerde', 'Molestiae explicabo in repellendus accusamus consequatur consequatur eveniet. Quo quo ab iste. Et et voluptatibus deserunt.', 0, '2021-03-30 00:47:07', '2021-03-30 00:47:07'),
(65, 13, 'Orpha Mertz Sr.', 'At minima et sint id. Molestiae accusantium quas maiores et necessitatibus aspernatur. Quos voluptate autem rerum corrupti.', 0, '2021-03-30 00:47:08', '2021-03-30 00:47:08'),
(66, 2, 'Arjun Frami', 'Aut cupiditate iste sint alias non. Eum temporibus similique ad et sit possimus. Et odio dolorem nulla odio.', 2, '2021-03-30 00:47:08', '2021-03-30 00:47:08'),
(67, 13, 'Elta Reinger', 'Aperiam eos cum quis voluptatem in. Fuga ratione porro quidem minima culpa alias enim fugit. Non quia molestiae distinctio.', 3, '2021-03-30 00:47:08', '2021-03-30 00:47:08'),
(68, 24, 'Jordan White', 'Ad veritatis mollitia harum sunt. Ab earum qui velit a in. Nulla odio exercitationem et ut placeat.', 5, '2021-03-30 00:47:08', '2021-03-30 00:47:08'),
(69, 34, 'Roderick Weissnat', 'Temporibus sint facere blanditiis est sapiente beatae ut laborum. Quidem aliquam ad vel ad ipsam omnis. Non adipisci soluta aut.', 2, '2021-03-30 00:47:08', '2021-03-30 00:47:08'),
(70, 34, 'Prof. Marlin Cassin Jr.', 'Quos molestiae dolores suscipit ea fuga est odit et. In in molestiae quia inventore dolorem deleniti rem illum. Esse illo rerum consequatur harum temporibus quod sed. Mollitia veritatis expedita est at consequatur consequatur. Et voluptate assumenda rerum veritatis.', 0, '2021-03-30 00:47:08', '2021-03-30 00:47:08'),
(71, 37, 'Gardner Kris', 'Ut corrupti qui sed et quis. Animi architecto quis fuga vel. Ut nemo quae libero aut sunt ad fuga. Minus consectetur provident quia officia accusantium voluptatem repellendus quod. Veritatis vitae veniam a id laboriosam voluptatem.', 1, '2021-03-30 00:47:08', '2021-03-30 00:47:08'),
(72, 25, 'Ola Waters', 'Quam unde quis qui tenetur est suscipit. Voluptas ut hic voluptate cumque quae ea dignissimos culpa.', 1, '2021-03-30 00:47:08', '2021-03-30 00:47:08'),
(73, 3, 'Delilah Abbott DVM', 'Enim ea qui ut repudiandae et nulla. Sint aliquid delectus expedita ipsa nulla. Aliquam nihil voluptas dolor molestias.', 5, '2021-03-30 00:47:08', '2021-03-30 00:47:08'),
(74, 29, 'Dr. Dusty Kerluke IV', 'Rerum porro qui nemo iure nihil consequatur dolor. Magnam natus laboriosam maiores. Quia aliquam praesentium in asperiores libero aliquam. In reiciendis voluptatum a sunt quo ut consectetur.', 5, '2021-03-30 00:47:09', '2021-03-30 00:47:09'),
(75, 28, 'Ruthie Crist', 'Saepe recusandae incidunt inventore sint nihil. Ut rerum iste ex amet. Et nobis quia at sed rerum sit est velit.', 2, '2021-03-30 00:47:09', '2021-03-30 00:47:09'),
(76, 19, 'Prof. Clotilde Zemlak', 'Dolorem voluptatum sint sint dolorem deleniti quibusdam ad. Aliquam ea assumenda qui quaerat provident cum. Voluptas doloribus tempora repellat ea animi nemo.', 2, '2021-03-30 00:47:09', '2021-03-30 00:47:09'),
(77, 19, 'Elenora Robel', 'Qui et repellat perspiciatis voluptas voluptate. Velit ut magni ex. Quaerat nulla consequatur perferendis et hic.', 4, '2021-03-30 00:47:09', '2021-03-30 00:47:09'),
(78, 47, 'Concepcion Bednar', 'Exercitationem at illo vel dolor debitis vitae. Perferendis quidem maiores voluptatibus ad qui. Ex quo id cum non fuga aut qui aperiam. Ipsum perspiciatis beatae ut aspernatur suscipit ut aperiam.', 1, '2021-03-30 00:47:09', '2021-03-30 00:47:09'),
(79, 34, 'Brown Walker', 'Occaecati a dolores ut accusamus laboriosam rerum. Fuga totam praesentium corrupti ut. Eos omnis ut tempore reiciendis totam.', 4, '2021-03-30 00:47:09', '2021-03-30 00:47:09'),
(80, 18, 'Abbey Borer', 'Minima harum voluptatibus ullam. Dolores quam cupiditate esse praesentium. Expedita dolores cupiditate unde. Sed eaque pariatur aut at minus vero rem explicabo. Rerum vel officia quia rerum debitis.', 3, '2021-03-30 00:47:09', '2021-03-30 00:47:09'),
(81, 26, 'Ardella Block', 'Eos occaecati iste assumenda est. Qui voluptatem voluptatem fugiat. Explicabo non qui eum qui recusandae tempora aut. Eligendi reiciendis amet aut dolorem. Deserunt accusantium dolor voluptates veniam.', 0, '2021-03-30 00:47:09', '2021-03-30 00:47:09'),
(82, 12, 'Geo Miller', 'Sint beatae qui dolores ea et non. Debitis officia aut eveniet praesentium et. Vel consequatur doloribus cumque aperiam est unde architecto.', 5, '2021-03-30 00:47:09', '2021-03-30 00:47:09'),
(83, 47, 'Dr. Cristina Schaefer Sr.', 'Provident hic est in quasi consequatur exercitationem commodi. Voluptatem maxime nostrum sed qui. Voluptatem natus quam sapiente odit culpa minus.', 5, '2021-03-30 00:47:10', '2021-03-30 00:47:10'),
(84, 25, 'Prof. Verona Carter PhD', 'Perspiciatis labore rerum rem autem voluptatum sequi. Explicabo dolore quidem enim ut facilis. Omnis omnis minima sequi nam fugit ex. Consequuntur nihil dolorum iste necessitatibus modi sed et. Doloribus animi eum est sint iste inventore.', 0, '2021-03-30 00:47:10', '2021-03-30 00:47:10'),
(85, 3, 'Ms. Clara Beatty MD', 'Tenetur omnis repudiandae dolorum quia sequi. Iusto aliquam aperiam ut. Molestiae ex hic aliquam enim neque nulla nisi alias. Enim ea dolorem ratione aliquam harum perspiciatis.', 3, '2021-03-30 00:47:10', '2021-03-30 00:47:10'),
(86, 6, 'Kieran Daugherty II', 'Voluptates aut ex ab aut consequatur. Laudantium omnis quia magnam. Molestiae deleniti et labore non qui ex.', 2, '2021-03-30 00:47:10', '2021-03-30 00:47:10'),
(87, 15, 'Letitia Kertzmann', 'Molestias aut pariatur aperiam id in. Alias quo autem veritatis tenetur fuga similique sint. Et deserunt et dolores accusamus. Officiis nobis nisi culpa dolorem quis quis ex nesciunt.', 3, '2021-03-30 00:47:10', '2021-03-30 00:47:10'),
(88, 29, 'Nina Hoeger', 'Est ad officiis pariatur voluptatem. Qui nihil laborum qui nisi atque dolorem est et. Ad dolores expedita quos similique autem repudiandae.', 4, '2021-03-30 00:47:10', '2021-03-30 00:47:10'),
(89, 29, 'Noemy Friesen', 'Numquam dolor consectetur aut aliquid. Recusandae et impedit non voluptatem qui eligendi molestiae. Vel molestiae voluptates laborum rerum eligendi. Repellat eligendi et et dolore.', 3, '2021-03-30 00:47:10', '2021-03-30 00:47:10'),
(90, 9, 'Dr. Marcelo Mitchell MD', 'Reprehenderit repellat necessitatibus nobis laborum reprehenderit dolor. Adipisci rerum sapiente consequatur. Nobis sed quos sequi dolorum magni sed libero. Vel veniam et numquam est et.', 3, '2021-03-30 00:47:10', '2021-03-30 00:47:10'),
(91, 47, 'Bianka Schimmel', 'Exercitationem est reprehenderit quod voluptatem consequatur provident. Voluptas ducimus aut odio sequi. Ratione dolorem vero illo repellat nemo corporis est. Doloremque voluptate non provident enim laboriosam ullam tempore.', 3, '2021-03-30 00:47:10', '2021-03-30 00:47:10'),
(92, 21, 'Mr. Alberto Kilback III', 'Harum tempore sapiente dolor amet saepe et eveniet. Ipsa laboriosam quo ipsa placeat asperiores. Maxime omnis et nisi repellendus cupiditate.', 0, '2021-03-30 00:47:11', '2021-03-30 00:47:11'),
(93, 5, 'Myles Windler MD', 'Exercitationem qui iste qui voluptas doloremque. Ullam fuga accusamus voluptatem et. Quo cum eum numquam quae quibusdam. Labore velit dolorum ut aut est.', 2, '2021-03-30 00:47:11', '2021-03-30 00:47:11'),
(94, 45, 'Yessenia Kuhlman PhD', 'Eius in autem reprehenderit culpa molestiae porro rerum impedit. Aperiam quo eligendi omnis aperiam ipsa ut deserunt. Voluptatibus ullam dolor tenetur dolorem et. Rem ipsa voluptatibus animi vitae est magni.', 4, '2021-03-30 00:47:11', '2021-03-30 00:47:11'),
(95, 18, 'Cornelius Orn', 'Voluptate eius ducimus atque voluptatem minima. Optio architecto ut ut pariatur aspernatur. Minima consequatur voluptatibus fuga excepturi magni cupiditate.', 2, '2021-03-30 00:47:11', '2021-03-30 00:47:11'),
(96, 28, 'Garrison McGlynn MD', 'Architecto ut minus fugiat nihil ea. Velit veniam ut fugit architecto.', 2, '2021-03-30 00:47:11', '2021-03-30 00:47:11'),
(97, 31, 'Dr. Edward Schoen', 'Consequatur velit odio provident sed atque optio corporis. Facilis id maiores iusto ut. Magni repellendus sunt omnis perspiciatis rerum quod ipsum dolorem. Aliquid nisi quam odio recusandae. Tempore non aut non harum deserunt pariatur.', 0, '2021-03-30 00:47:11', '2021-03-30 00:47:11'),
(98, 20, 'Wilhelm Lowe', 'Reprehenderit dolorem sit qui pariatur minima architecto minima. Quia corporis cupiditate cumque aperiam nulla et. Quia nesciunt est culpa dolorem magnam voluptatem.', 3, '2021-03-30 00:47:12', '2021-03-30 00:47:12'),
(99, 31, 'Mohammad Hermann', 'Deserunt veniam reiciendis sit. Molestias corporis est quod dolor corrupti. Consequatur qui minus aspernatur omnis in excepturi explicabo. Eum fugit libero quia nobis sequi reiciendis magnam voluptate.', 1, '2021-03-30 00:47:12', '2021-03-30 00:47:12'),
(100, 41, 'Bret Grant', 'Ut et et aut assumenda quas ut. Est fugiat maiores vel voluptate. Ea eum modi impedit dolores.', 1, '2021-03-30 00:47:12', '2021-03-30 00:47:12'),
(101, 26, 'Isabel Mante', 'Illo culpa voluptatem in et qui dicta provident. Sint nam quo officia autem. Id veritatis nobis sunt libero velit aut.', 4, '2021-03-30 00:47:12', '2021-03-30 00:47:12'),
(102, 38, 'Norma Block', 'A et itaque dolore ut. Sed enim nobis ipsa. Dolorem libero alias molestias aspernatur consequatur quia.', 2, '2021-03-30 00:47:12', '2021-03-30 00:47:12'),
(103, 41, 'Miss Baby Zulauf I', 'Quia velit dolor aut nemo nemo. Itaque minima voluptate earum qui omnis suscipit adipisci nemo. Minus ut sint autem quos in eaque dolorem.', 1, '2021-03-30 00:47:12', '2021-03-30 00:47:12'),
(104, 12, 'Pierce Bednar', 'Facilis at repudiandae aut perspiciatis quasi magnam. Cum corrupti sunt consequatur accusantium sapiente. Accusamus a dolorum et perferendis et.', 2, '2021-03-30 00:47:12', '2021-03-30 00:47:12'),
(105, 30, 'Jody Jaskolski', 'A mollitia sunt numquam iure doloribus. Nulla velit harum similique. Porro laborum odio fugiat soluta voluptas praesentium occaecati.', 1, '2021-03-30 00:47:12', '2021-03-30 00:47:12'),
(106, 31, 'Eloise Orn PhD', 'Sit ut aut inventore fuga ullam enim fuga. Nesciunt aspernatur earum voluptatem reiciendis. Ut dolorum incidunt quae ut rerum.', 2, '2021-03-30 00:47:12', '2021-03-30 00:47:12'),
(107, 4, 'Baron Runte', 'Corrupti minima qui dolorem aut rerum minima non. Cumque eius ut ex dolorem. Cupiditate aut dolor ex sapiente.', 0, '2021-03-30 00:47:13', '2021-03-30 00:47:13'),
(108, 30, 'Mr. Roger Casper PhD', 'Facilis autem nihil eum eveniet ratione itaque. Laudantium facilis exercitationem sequi enim qui aut. Fuga et ducimus quia dolores accusamus blanditiis. Libero ea doloremque qui dolorum voluptas eligendi.', 2, '2021-03-30 00:47:13', '2021-03-30 00:47:13'),
(109, 44, 'Immanuel Dietrich', 'Aut occaecati voluptate quia mollitia omnis possimus. Ea ut incidunt modi rem. Possimus est fuga voluptatem consequatur quisquam cum.', 1, '2021-03-30 00:47:13', '2021-03-30 00:47:13'),
(110, 40, 'Etha Stanton', 'Esse eum voluptas voluptatem voluptates modi. Quidem ut impedit voluptatibus ut. Ipsum ab neque mollitia. Perspiciatis qui quae temporibus dolor rerum veniam minima.', 2, '2021-03-30 00:47:13', '2021-03-30 00:47:13'),
(111, 21, 'Jacynthe Cronin', 'Consequatur hic blanditiis a minima nam ab. Autem nulla nobis excepturi omnis harum unde. Veniam corporis consectetur ipsum cumque.', 0, '2021-03-30 00:47:13', '2021-03-30 00:47:13'),
(112, 49, 'Brice Jaskolski', 'Inventore est soluta et commodi quo id. Error animi harum nulla nesciunt. Quam nisi nesciunt adipisci molestiae consequatur soluta voluptatem.', 1, '2021-03-30 00:47:13', '2021-03-30 00:47:13'),
(113, 33, 'Dr. Laverne Schroeder MD', 'Et harum saepe ad aut ducimus minus. Consectetur et aperiam totam consectetur aut et. Ipsam illum est aliquam et debitis id.', 2, '2021-03-30 00:47:13', '2021-03-30 00:47:13'),
(114, 4, 'Dr. Jaiden Wyman PhD', 'Aut impedit ut eos. Aliquam mollitia cupiditate non velit reprehenderit laborum sint. Dolorem possimus eos doloribus commodi autem cumque.', 4, '2021-03-30 00:47:13', '2021-03-30 00:47:13'),
(115, 24, 'May Howe I', 'Blanditiis voluptas voluptas placeat est voluptatem. Nobis nihil ex eos perferendis sed quo. Fugit sint maiores dignissimos sint qui.', 5, '2021-03-30 00:47:14', '2021-03-30 00:47:14'),
(116, 44, 'Leonardo Bailey', 'Sit molestiae sunt non voluptates veniam. Nesciunt labore et voluptas enim distinctio et pariatur. Nihil facilis eum eligendi laboriosam ratione quod et.', 2, '2021-03-30 00:47:14', '2021-03-30 00:47:14'),
(117, 37, 'Margarett Sawayn', 'Sed earum facere sequi repellat non. Qui ab animi nesciunt et. Eum recusandae temporibus quia cupiditate. Dolor adipisci exercitationem quasi et.', 0, '2021-03-30 00:47:14', '2021-03-30 00:47:14'),
(118, 15, 'Leonel Ratke', 'Quaerat ut earum eius nostrum dolores deserunt sunt. Sed blanditiis similique perferendis et minima id ut.', 0, '2021-03-30 00:47:14', '2021-03-30 00:47:14'),
(119, 1, 'Barton Lynch', 'Repudiandae rerum nesciunt soluta vitae eum. Aut id et minus quo nam. Fugit ut dolor commodi quo similique minima veritatis sint.', 0, '2021-03-30 00:47:14', '2021-03-30 00:47:14'),
(120, 3, 'Prof. Muhammad Medhurst PhD', 'Consequatur dicta et omnis officiis ex perferendis. Voluptas aut ratione inventore odio eligendi est. Sed voluptatem eaque laudantium qui. Veritatis in ea ut quam possimus blanditiis.', 0, '2021-03-30 00:47:14', '2021-03-30 00:47:14'),
(121, 20, 'Catherine Moen', 'Voluptatem numquam fugiat occaecati laboriosam tempore. Est alias cum itaque qui illum mollitia enim. Aliquam dolorem blanditiis et voluptatem.', 1, '2021-03-30 00:47:14', '2021-03-30 00:47:14'),
(122, 6, 'Lyla Spinka', 'Necessitatibus commodi voluptatem autem doloribus. Ratione labore voluptas quia reiciendis odit consequatur quod ex. Blanditiis porro officiis mollitia unde molestiae vero consequuntur.', 2, '2021-03-30 00:47:14', '2021-03-30 00:47:14'),
(123, 40, 'Herbert Kunze', 'Consectetur libero rerum accusantium minus odit veniam aut. Sit enim eum porro molestias. Ut culpa libero delectus aut illum sed eos.', 2, '2021-03-30 00:47:14', '2021-03-30 00:47:14'),
(124, 30, 'Rodger Murphy', 'Ullam omnis veritatis vel blanditiis ut qui doloremque. Est est dolorum nesciunt pariatur et soluta ab. Quidem rem provident qui eum dolorem illum repellendus.', 0, '2021-03-30 00:47:15', '2021-03-30 00:47:15'),
(125, 6, 'Prof. Alisha Rosenbaum', 'Perspiciatis hic consectetur et aut. Veniam dolor dolorem minima animi aut atque aut. Consequatur commodi et ratione enim molestiae veritatis qui molestiae. Aut sit necessitatibus voluptates maiores.', 3, '2021-03-30 00:47:15', '2021-03-30 00:47:15'),
(126, 3, 'Edyth Gerhold', 'Reprehenderit nam sapiente aliquid et. Quis possimus aut nobis aliquam aperiam qui. Illum autem sit impedit qui.', 5, '2021-03-30 00:47:15', '2021-03-30 00:47:15'),
(127, 32, 'Katelyn Rippin', 'Accusamus explicabo dolorem et sunt delectus facilis veniam dolores. Dolores corporis explicabo quod at. Aut doloremque nobis voluptas qui blanditiis quasi.', 4, '2021-03-30 00:47:15', '2021-03-30 00:47:15'),
(128, 44, 'Beulah O\'Conner V', 'Repudiandae sequi et sint rerum natus nam odio. Cupiditate ipsam rerum et suscipit quam quo. Fuga quibusdam corporis consequatur in voluptate sit.', 3, '2021-03-30 00:47:15', '2021-03-30 00:47:15'),
(129, 46, 'Johnson Reilly', 'Aut et tempora magnam sunt voluptatem voluptatibus dolores. Placeat ullam magni earum nostrum sapiente nam eos. Dolore est numquam molestiae ut labore harum. Quibusdam et eos delectus ut sunt explicabo.', 4, '2021-03-30 00:47:15', '2021-03-30 00:47:15'),
(130, 41, 'Zoey Bruen', 'Consectetur id labore laboriosam laudantium magni neque aut. Vero velit dolore rerum qui et. Est inventore laudantium accusamus et culpa.', 1, '2021-03-30 00:47:15', '2021-03-30 00:47:15'),
(131, 14, 'Katelynn Lueilwitz', 'Officiis ab voluptatum vero unde. Qui voluptas id voluptatem natus nisi sed et. Asperiores commodi maxime est sunt expedita cumque. Cumque qui rerum et.', 1, '2021-03-30 00:47:15', '2021-03-30 00:47:15'),
(132, 45, 'Rowena Reichert', 'Beatae omnis beatae veritatis hic similique quo. Eos necessitatibus dolorem eligendi neque. Est velit ut et aut sit dolores voluptas. Veritatis temporibus enim optio eveniet nihil odio ducimus eveniet.', 3, '2021-03-30 00:47:16', '2021-03-30 00:47:16'),
(133, 36, 'Tatum Osinski', 'Sunt minus voluptatem fugiat sapiente. Impedit consequatur laboriosam tenetur commodi molestias atque quis. Pariatur qui natus omnis quam id perferendis. Tempora velit itaque quia dolores.', 5, '2021-03-30 00:47:16', '2021-03-30 00:47:16'),
(134, 44, 'Prof. Dylan Bode', 'Sunt ratione sit eveniet. Ut adipisci velit iste autem. Quaerat minus nihil veniam qui consequatur consequatur consectetur.', 5, '2021-03-30 00:47:16', '2021-03-30 00:47:16'),
(135, 22, 'Annabel Armstrong MD', 'Fugit eveniet aut delectus ducimus autem aut quisquam aut. Porro quos doloribus praesentium aliquam et. Impedit quia quo mollitia repudiandae.', 3, '2021-03-30 00:47:16', '2021-03-30 00:47:16'),
(136, 20, 'Tremaine Lebsack II', 'Cumque magni consectetur tenetur. Commodi sint explicabo accusantium ullam animi numquam modi. Corrupti dolores veniam omnis nesciunt. Inventore nam consequuntur quo et.', 1, '2021-03-30 00:47:16', '2021-03-30 00:47:16'),
(137, 49, 'Sabina Schneider', 'Qui magnam et quis voluptatem nulla. Iure adipisci et molestiae et similique qui quos. Dolores id saepe modi quia sed. Doloremque ut perferendis aperiam officiis sunt vitae animi.', 3, '2021-03-30 00:47:16', '2021-03-30 00:47:16'),
(138, 7, 'Dessie Emmerich V', 'Soluta fugit ea fugit placeat voluptatem. Sunt odit eligendi iste. Ipsum est sequi eveniet consequatur quidem. Est quae nemo eius explicabo sit.', 1, '2021-03-30 00:47:16', '2021-03-30 00:47:16'),
(139, 38, 'Dr. Orion Kautzer', 'Sequi a soluta et odio repudiandae. Et provident quae fuga maxime doloribus perspiciatis. Consequatur asperiores corrupti voluptas nostrum illo ut. Voluptatem cum temporibus magni consequatur hic nihil.', 0, '2021-03-30 00:47:17', '2021-03-30 00:47:17'),
(140, 14, 'Zelda Schinner', 'Accusamus optio sunt exercitationem fugiat illo ipsum. Ad quod ratione ut omnis. Non dolores accusantium ut quod unde temporibus et porro. A qui et laboriosam possimus.', 1, '2021-03-30 00:47:17', '2021-03-30 00:47:17'),
(141, 37, 'Emma Koepp', 'Ab non doloremque ut totam mollitia ipsa porro. Aspernatur explicabo nostrum voluptas fuga odio tempora. Culpa exercitationem eligendi voluptatibus sed incidunt ut enim maiores. Alias numquam eaque explicabo sit perspiciatis eveniet cupiditate.', 5, '2021-03-30 00:47:17', '2021-03-30 00:47:17'),
(142, 40, 'Afton Bode', 'Ut fuga blanditiis in dolorem non ut. Aut iure facilis autem eos ab nisi. Similique temporibus error voluptatibus quia doloremque. Consequatur est odio illum voluptas beatae. Similique dolores ut sit et nulla voluptas.', 0, '2021-03-30 00:47:17', '2021-03-30 00:47:17'),
(143, 28, 'Jose Pollich', 'Ex sit nostrum et molestias. Dolore autem exercitationem nihil quis suscipit. Voluptas exercitationem reiciendis possimus vel dolor magnam molestiae odit.', 0, '2021-03-30 00:47:17', '2021-03-30 00:47:17'),
(144, 42, 'Mrs. Destinee Klocko', 'Nesciunt rerum ut illo sed aliquam. Reprehenderit temporibus autem tempora molestias. Vel minima autem quae et possimus expedita sed.', 0, '2021-03-30 00:47:17', '2021-03-30 00:47:17'),
(145, 28, 'Miss Maude Hane', 'Ipsam quas assumenda dolor voluptate autem doloribus est pariatur. Eius consequuntur vitae quia dicta. Temporibus expedita soluta in rem nulla dolorum enim. Officiis tempore eum molestiae qui est harum quibusdam labore.', 1, '2021-03-30 00:47:18', '2021-03-30 00:47:18'),
(146, 11, 'Anissa Crist DVM', 'Architecto assumenda quia id est quasi est ea omnis. Vel adipisci reiciendis et non eligendi maiores. Recusandae itaque libero voluptates suscipit delectus animi eius. Est accusantium quo aliquid dolorem.', 4, '2021-03-30 00:47:18', '2021-03-30 00:47:18'),
(147, 40, 'Jayme Dickinson', 'Facere porro dolor sunt. Aliquam veritatis dolorem et. Corporis sint dolores qui illum quia est saepe quo. Soluta doloribus dolor inventore.', 4, '2021-03-30 00:47:18', '2021-03-30 00:47:18'),
(148, 3, 'Jazmin Fisher', 'Dignissimos sunt ea molestias adipisci natus doloribus quia. Voluptas et totam tenetur natus. Laborum eius voluptatum aperiam magnam voluptate illum necessitatibus. Accusantium dolorem et quibusdam nesciunt.', 2, '2021-03-30 00:47:18', '2021-03-30 00:47:18'),
(149, 41, 'Prof. Sydney Gerlach', 'Ut voluptate accusamus aut voluptas delectus similique voluptas. Architecto fuga harum qui deleniti ipsa quas veritatis. Ea facilis sint et ut velit temporibus. Impedit illum laudantium ipsa temporibus consequatur quia. Nam aut cum et et omnis qui aliquam.', 5, '2021-03-30 00:47:18', '2021-03-30 00:47:18'),
(150, 15, 'Kian Satterfield', 'Id ratione eos delectus voluptas ipsa sunt. In quia nemo rerum vero quibusdam. A eligendi reiciendis harum consectetur non voluptas quis molestiae. Autem quia velit et harum.', 2, '2021-03-30 00:47:18', '2021-03-30 00:47:18'),
(151, 49, 'Kevon Cormier', 'Atque similique voluptatibus itaque et aliquam. Ut corrupti quo itaque nostrum impedit rerum ut. Hic molestias qui hic illo id.', 1, '2021-03-30 00:47:19', '2021-03-30 00:47:19'),
(152, 31, 'Theodora Vandervort', 'Nostrum cumque consectetur itaque perspiciatis ducimus dolores impedit. Et explicabo quia harum illo sed doloremque. Laborum deserunt quos est ut qui et quisquam.', 4, '2021-03-30 00:47:19', '2021-03-30 00:47:19'),
(153, 15, 'Estrella Mertz', 'Et possimus voluptatem fuga earum blanditiis. Aspernatur molestias sed dolorum. Eligendi blanditiis quaerat animi quam. Molestias nulla vero voluptas ea dignissimos sit deleniti repellendus. Rerum sint omnis doloremque.', 4, '2021-03-30 00:47:19', '2021-03-30 00:47:19'),
(154, 45, 'Liza Powlowski', 'Consequuntur corporis esse quaerat omnis nemo. Aut delectus mollitia expedita sed dicta maiores. Nobis vero beatae omnis id molestias.', 4, '2021-03-30 00:47:19', '2021-03-30 00:47:19'),
(155, 50, 'Prof. Eileen McClure V', 'Molestiae sed iusto inventore rerum voluptas aut. Voluptatibus qui fugit voluptatem et iusto. Modi id cupiditate consequuntur placeat sed alias aut.', 2, '2021-03-30 00:47:19', '2021-03-30 00:47:19'),
(156, 49, 'Ms. Deja Wunsch', 'Officiis explicabo ut et adipisci est eum consequatur. Aut minima corrupti deleniti quo hic quae. Labore est libero id inventore consequatur amet quisquam voluptatem. Quas et impedit aperiam fuga optio. Fugiat sequi id autem et.', 0, '2021-03-30 00:47:19', '2021-03-30 00:47:19'),
(157, 28, 'Prof. Aliyah Schulist Sr.', 'Et est debitis voluptas doloremque. Eos aut corrupti nisi vitae nihil atque aut. Cum sit eveniet numquam enim officiis sed praesentium.', 1, '2021-03-30 00:47:19', '2021-03-30 00:47:19'),
(158, 12, 'Kattie Murphy II', 'Velit numquam ut vel dolorem. Non perspiciatis ex nobis eum et. Veritatis quo deserunt tenetur officia inventore.', 5, '2021-03-30 00:47:19', '2021-03-30 00:47:19'),
(159, 31, 'Jerald Herman', 'Veritatis dolorum repellat animi est repellendus. Aspernatur error voluptatibus quod debitis. Tenetur consequatur debitis id voluptatem et ex velit. Nulla non ut non velit.', 1, '2021-03-30 00:47:20', '2021-03-30 00:47:20'),
(160, 21, 'Donnie Bogan', 'Autem incidunt aut adipisci. Consequuntur et qui est vel nobis minima. Et distinctio est et eaque repudiandae deserunt illo odit. Dolores ad tempora ut tempore omnis voluptas eius hic.', 4, '2021-03-30 00:47:20', '2021-03-30 00:47:20'),
(161, 43, 'Prof. Patience Ryan IV', 'Nulla sapiente praesentium consectetur voluptate reprehenderit eius. Soluta qui debitis et veniam ipsum reiciendis. Et ea omnis sit similique perferendis repellat magni.', 4, '2021-03-30 00:47:20', '2021-03-30 00:47:20'),
(162, 11, 'Dr. Everett Langosh Jr.', 'Nihil voluptas possimus quo voluptate in dolores ullam. Quo quia consequatur doloribus id quia. Asperiores voluptatem iusto repellat ut molestiae est similique explicabo. Non doloribus hic deserunt molestiae.', 5, '2021-03-30 00:47:20', '2021-03-30 00:47:20'),
(163, 33, 'Ansel Kunde MD', 'Autem non voluptatum non cumque itaque veniam illo. Dolorem veniam et facere non quisquam. Minus quae sunt vel illo atque. Nihil eaque sit et quam. Culpa ut sunt accusamus omnis blanditiis velit ex unde.', 0, '2021-03-30 00:47:20', '2021-03-30 00:47:20'),
(164, 39, 'Prof. Jamie Beatty I', 'Officia tempore consequatur et perspiciatis ex. Quasi optio eligendi doloremque quia. Est optio ut non perspiciatis est. Vitae tenetur ipsa iste maxime sit mollitia aut.', 0, '2021-03-30 00:47:20', '2021-03-30 00:47:20'),
(165, 24, 'Prof. Vincenzo Grimes MD', 'Doloremque voluptatem velit veritatis laboriosam. Ad nobis nam aspernatur aut sapiente. Nesciunt voluptate tempore tenetur blanditiis.', 2, '2021-03-30 00:47:20', '2021-03-30 00:47:20'),
(166, 26, 'Ebba Weissnat', 'Hic non ut harum qui qui omnis qui. Molestiae illo quia non necessitatibus aspernatur eum. Ad dicta consequatur rem enim perferendis odio repellendus. Voluptas dignissimos sed et ab.', 3, '2021-03-30 00:47:20', '2021-03-30 00:47:20'),
(167, 23, 'Miss Sydni Quigley IV', 'Vero maiores quam voluptates ratione voluptatem ipsum aut. Ipsum illum fuga dolor quia unde similique quia. Est corrupti cupiditate eveniet ut earum commodi esse. Error reiciendis error omnis dolorum.', 0, '2021-03-30 00:47:20', '2021-03-30 00:47:20'),
(168, 44, 'Prof. Terrance Hayes', 'Distinctio iure et est. Quia in fugit id odio quae consequatur. Et consequuntur optio qui. Consequatur aspernatur eaque est ullam fugiat nostrum adipisci.', 2, '2021-03-30 00:47:21', '2021-03-30 00:47:21'),
(169, 32, 'Lola Robel', 'Quas velit nesciunt sit eos voluptate molestiae. Rerum voluptatum qui fuga at odit. Porro minus sit eum ipsum consequatur illo.', 5, '2021-03-30 00:47:21', '2021-03-30 00:47:21'),
(170, 7, 'Alden Kassulke V', 'Temporibus ex ipsum dicta veritatis unde ducimus. Ullam perspiciatis laboriosam voluptatum eum. Ea et fuga aut repudiandae. Nostrum debitis consectetur in saepe architecto sint. Est voluptatem aut quasi omnis error nisi est.', 0, '2021-03-30 00:47:21', '2021-03-30 00:47:21'),
(171, 32, 'Brycen Greenholt IV', 'Consequatur veritatis quod tempore velit architecto aliquam aliquid. In et qui minima fuga excepturi doloremque. Accusamus non iste sed molestiae provident vel.', 0, '2021-03-30 00:47:21', '2021-03-30 00:47:21'),
(172, 10, 'Osbaldo Spinka', 'Exercitationem et quia et voluptas animi. Harum quaerat deleniti ullam reprehenderit voluptate atque a. Sint porro eos consequatur tempore nisi qui debitis. Ut modi facere quam quibusdam voluptatem.', 1, '2021-03-30 00:47:21', '2021-03-30 00:47:21'),
(173, 7, 'Garfield Hartmann Sr.', 'Maxime cum vero ea. Voluptatem commodi nisi hic et sit et. Commodi ducimus recusandae nulla repellat voluptatem et quia.', 0, '2021-03-30 00:47:21', '2021-03-30 00:47:21'),
(174, 30, 'Otto Fisher', 'Necessitatibus harum at modi sunt et. Beatae qui cum aspernatur modi aliquid dicta ut. Atque exercitationem perspiciatis porro quo possimus quo ut.', 3, '2021-03-30 00:47:21', '2021-03-30 00:47:21'),
(175, 21, 'Weston Pouros', 'Reprehenderit est dolor in distinctio quod. Repellat laboriosam commodi amet est. Ad aliquid odio molestiae nemo nam. Omnis hic qui quasi assumenda pariatur.', 4, '2021-03-30 00:47:21', '2021-03-30 00:47:21'),
(176, 2, 'Mrs. Maggie Jakubowski DDS', 'Mollitia ad architecto consectetur vel assumenda odit sint officiis. Nostrum eos consectetur ut aut. Aut dolorem omnis dolorum repellat. Dolorem ex veritatis consequatur magni.', 3, '2021-03-30 00:47:21', '2021-03-30 00:47:21'),
(177, 17, 'Mr. Micheal Konopelski II', 'Id voluptas facere veritatis sit fugit voluptatem provident. Sed dolores harum atque minima aperiam.', 5, '2021-03-30 00:47:22', '2021-03-30 00:47:22'),
(178, 44, 'Wava O\'Connell', 'Magni ut sint est eos repellendus est adipisci eos. Distinctio quia eos minima sunt. Qui quae perferendis animi nesciunt facilis quidem ut. Fugiat architecto aliquid voluptas hic enim quia sed.', 2, '2021-03-30 00:47:22', '2021-03-30 00:47:22'),
(179, 13, 'Dedric Kerluke II', 'Nam temporibus est eum provident harum nam. Et sit illo et neque ut corrupti. Debitis odit id qui cum odio. Sapiente beatae quisquam soluta vero consequuntur sit.', 3, '2021-03-30 00:47:22', '2021-03-30 00:47:22'),
(180, 6, 'Prof. Amos Christiansen PhD', 'Quaerat ducimus doloremque dolorem et. Voluptatibus provident tempora id provident vel vel aliquam. Est rerum modi esse. Molestias voluptatum esse saepe soluta cum.', 5, '2021-03-30 00:47:22', '2021-03-30 00:47:22'),
(181, 21, 'Brant Hintz', 'Nam itaque modi rem autem explicabo cumque qui. Dolores modi non natus quam. Facilis sed perspiciatis accusamus quidem. Quia qui atque nobis possimus id dolore expedita.', 5, '2021-03-30 00:47:22', '2021-03-30 00:47:22'),
(182, 47, 'Mr. Lenny O\'Conner', 'Suscipit similique reprehenderit placeat consequuntur. Vitae ab ut modi aut reprehenderit qui quisquam. Voluptatem occaecati voluptatibus ab ipsam illum. Voluptatum qui eaque sequi autem.', 2, '2021-03-30 00:47:22', '2021-03-30 00:47:22'),
(183, 37, 'Joanne Bashirian', 'Ut esse non dolorem et enim et sequi fuga. In sit aut eius necessitatibus ea fuga. Cupiditate distinctio odio corrupti dolor ut quibusdam ipsa. Quasi quasi perferendis excepturi.', 3, '2021-03-30 00:47:22', '2021-03-30 00:47:22'),
(184, 11, 'Burley Balistreri II', 'Unde nam a quas. Quas dolor qui quis quo rem fugit.', 2, '2021-03-30 00:47:22', '2021-03-30 00:47:22'),
(185, 47, 'Adolf Hodkiewicz', 'Et porro non eos nihil minus quia id. Labore laudantium deserunt quia magnam temporibus sed. Quisquam aperiam perferendis dicta sed perspiciatis sit. Ipsa enim ullam sint consectetur facere totam ducimus. Totam fugiat repudiandae iusto ipsa ut.', 3, '2021-03-30 00:47:22', '2021-03-30 00:47:22'),
(186, 14, 'Prof. Jaclyn Koch PhD', 'Nesciunt ut ducimus laboriosam harum soluta. Sed omnis ipsam ea sed quibusdam.', 5, '2021-03-30 00:47:23', '2021-03-30 00:47:23'),
(187, 10, 'Mrs. Marjorie Bogisich', 'Adipisci error voluptate quisquam voluptates. Ut necessitatibus praesentium cumque provident similique. Qui vitae repudiandae qui.', 4, '2021-03-30 00:47:23', '2021-03-30 00:47:23'),
(188, 29, 'Rosemary Windler', 'Iusto tenetur voluptatibus est quibusdam tempora ipsa voluptates ut. Non deleniti dolor eius consequuntur sit omnis fugiat nesciunt. Quod et vero dolore aut fugit et iure. Consequatur ut fugit aspernatur provident magnam vero.', 0, '2021-03-30 00:47:23', '2021-03-30 00:47:23'),
(189, 45, 'Mr. Garrett Johnson MD', 'Dolorum et omnis iure sapiente. Molestiae et excepturi facere at. Quam odio aspernatur sed suscipit et tempore cumque.', 3, '2021-03-30 00:47:23', '2021-03-30 00:47:23'),
(190, 2, 'Sadye Lind', 'Et rem explicabo incidunt nihil modi. Alias eveniet voluptate quibusdam qui aliquam dolorum. Doloribus aliquam voluptatibus mollitia omnis aliquid ratione. Ad quasi placeat occaecati dolores perspiciatis a quae. Dolorem voluptatem impedit aut ullam voluptatem nobis eius.', 2, '2021-03-30 00:47:23', '2021-03-30 00:47:23'),
(191, 11, 'Joey Swift', 'Et maiores eaque dignissimos voluptatem vero. Molestiae omnis fugiat vitae doloribus est. Nihil porro voluptas nobis itaque quo perspiciatis qui. Quisquam animi eveniet quo non praesentium doloribus. Veritatis enim sed commodi et nobis aliquam explicabo.', 1, '2021-03-30 00:47:23', '2021-03-30 00:47:23'),
(192, 32, 'Letitia Howell', 'Voluptates vel consequuntur iusto quod tenetur vero. Voluptatem facere consequuntur assumenda soluta nihil aut. Eum ratione et vel facere qui accusantium quis at.', 0, '2021-03-30 00:47:23', '2021-03-30 00:47:23'),
(193, 36, 'Jeffery Shields II', 'Veniam veritatis veniam repellat voluptates. Alias officiis harum ullam qui rerum.', 3, '2021-03-30 00:47:23', '2021-03-30 00:47:23'),
(194, 48, 'Pablo Becker', 'Iste quia sed modi quod inventore iure nisi. Dolorum unde alias facere iusto voluptatibus. Dolorem enim et dolor enim. Quis inventore dolorem qui voluptatum voluptatibus.', 5, '2021-03-30 00:47:24', '2021-03-30 00:47:24'),
(195, 44, 'Presley Kassulke', 'Esse asperiores deleniti doloribus. Laudantium eaque eveniet reprehenderit dolorem saepe quia distinctio. Neque minus ducimus quo in corrupti. Nobis amet quasi modi omnis aliquid doloremque magni dolores.', 1, '2021-03-30 00:47:24', '2021-03-30 00:47:24'),
(196, 41, 'Mrs. Daphne Ratke I', 'Voluptate sit sequi porro molestiae eum incidunt. Officia non qui aspernatur deleniti dolorum hic numquam ut. Dolor eos temporibus fugiat et sed. Exercitationem odit tempore laboriosam et.', 0, '2021-03-30 00:47:24', '2021-03-30 00:47:24'),
(197, 23, 'Jose Olson', 'Quis maiores qui et cum qui ratione. Aliquam voluptas dolorem ex occaecati rerum aperiam asperiores. Facilis voluptas ab at aliquid molestiae.', 4, '2021-03-30 00:47:24', '2021-03-30 00:47:24'),
(198, 23, 'Tyrell Ferry', 'Ut similique velit quis quo eaque. Voluptas occaecati ipsum adipisci minima. Incidunt qui facilis voluptatum ratione.', 0, '2021-03-30 00:47:24', '2021-03-30 00:47:24'),
(199, 21, 'Travon Kilback', 'Cum ullam cum dolore facilis suscipit id dolor. Quia quis qui explicabo vel ut. Maiores esse dignissimos qui. Alias molestiae accusamus voluptas et est. Occaecati incidunt voluptatem corrupti necessitatibus doloribus aliquid in.', 1, '2021-03-30 00:47:24', '2021-03-30 00:47:24'),
(200, 16, 'Mr. Abe Bruen', 'Ipsum adipisci qui est eligendi. Eaque autem accusamus incidunt enim quia voluptas quidem. Ut tenetur est exercitationem quaerat deleniti non esse. Libero et harum doloribus quae. Deleniti itaque quisquam voluptates dolorem et.', 0, '2021-03-30 00:47:25', '2021-03-30 00:47:25'),
(201, 48, 'Roman Kreiger II', 'Soluta asperiores est qui consequatur quidem. Blanditiis quis aut eius cupiditate commodi fugit reprehenderit. Voluptas et id aut numquam totam. Porro nihil dignissimos et veniam ab.', 0, '2021-03-30 00:47:25', '2021-03-30 00:47:25'),
(202, 16, 'Mustafa Pouros', 'Aliquam nobis earum repudiandae. Ut magni non est vitae ut eligendi. Dolores eos repellendus nisi reiciendis.', 3, '2021-03-30 00:47:25', '2021-03-30 00:47:25'),
(203, 32, 'Bettie Eichmann', 'Odit quae voluptas laborum nobis et nisi. Eligendi reprehenderit quos repellendus cupiditate perferendis. Possimus aliquam vitae suscipit natus est excepturi.', 5, '2021-03-30 00:47:25', '2021-03-30 00:47:25'),
(204, 10, 'Gisselle Schuppe', 'Eum est magnam eos est sunt magnam saepe. Autem quo excepturi perferendis numquam a assumenda error. Perspiciatis voluptas nam sapiente impedit consequatur dolorem. Consequatur ullam accusantium hic qui minima illum tempora perferendis.', 1, '2021-03-30 00:47:25', '2021-03-30 00:47:25'),
(205, 45, 'Alayna Walsh', 'Maxime esse quasi quia rerum error vel qui. Excepturi quibusdam quidem sit eius. Quia iure est earum aut eos modi. Omnis et ipsum veritatis vel recusandae officia.', 1, '2021-03-30 00:47:25', '2021-03-30 00:47:25'),
(206, 38, 'Xavier Turner', 'Blanditiis commodi quidem id et et necessitatibus amet. Dignissimos officia quia hic voluptas laborum quod rerum. Adipisci in facilis libero aut dolor.', 2, '2021-03-30 00:47:25', '2021-03-30 00:47:25');
INSERT INTO `reviews` (`id`, `product_id`, `customer`, `review`, `star`, `created_at`, `updated_at`) VALUES
(207, 26, 'Erwin Eichmann', 'Dicta laboriosam et sequi laudantium. Atque ut officia eius nam. Dignissimos et optio et quis. Doloribus doloribus minima atque et vel natus. Aut velit debitis nam quas aliquam cupiditate quaerat.', 4, '2021-03-30 00:47:26', '2021-03-30 00:47:26'),
(208, 26, 'Nona Bechtelar', 'Voluptatem ex rerum error nemo ea voluptatem esse a. Qui earum et velit quia explicabo quo omnis et. Soluta eius recusandae distinctio odit reprehenderit.', 5, '2021-03-30 00:47:26', '2021-03-30 00:47:26'),
(209, 37, 'Andrew Leannon', 'Quia ex et voluptatibus et. Ut unde veritatis sed eum. Temporibus voluptatem quisquam dolorem repellendus.', 5, '2021-03-30 00:47:26', '2021-03-30 00:47:26'),
(210, 20, 'Quinn Crist DVM', 'Enim eaque qui quibusdam. Animi nemo non quia. Recusandae et modi eaque suscipit aliquid qui porro. Et quas iure odit labore et.', 0, '2021-03-30 00:47:26', '2021-03-30 00:47:26'),
(211, 19, 'Miss Mollie McKenzie', 'Minima quia asperiores voluptatum doloremque. Omnis hic aliquid sit et. Eaque ut soluta animi ducimus pariatur molestias ex. Perspiciatis repellat aut alias illo doloremque.', 1, '2021-03-30 00:47:27', '2021-03-30 00:47:27'),
(212, 47, 'Ms. Lina McLaughlin Jr.', 'Eos ea velit vel voluptatum voluptas. Rem ea quam voluptatem deserunt ut perspiciatis consequatur.', 4, '2021-03-30 00:47:27', '2021-03-30 00:47:27'),
(213, 6, 'Candido Lindgren', 'Vel placeat tenetur consequatur dolores ducimus. Qui ut et minus ea aut maxime non. Vero optio fugit aliquam non odio veritatis. Beatae eum est sapiente hic temporibus modi.', 0, '2021-03-30 00:47:27', '2021-03-30 00:47:27'),
(214, 6, 'Mrs. Lorna Bernhard', 'Velit nisi beatae soluta magnam. Minima impedit et omnis fugiat rerum in sapiente.', 4, '2021-03-30 00:47:27', '2021-03-30 00:47:27'),
(215, 39, 'Miss Patricia Koepp Sr.', 'Aut aperiam est consequatur ut modi dolorum animi quia. Iure adipisci autem dolorum possimus et dolores. Tempora ut illum voluptatem ut numquam beatae vitae.', 1, '2021-03-30 00:47:27', '2021-03-30 00:47:27'),
(216, 24, 'Linnea Bayer', 'At aut non quis ut maiores architecto vel. Magni dolores quas ut amet. Veniam adipisci quia voluptas sed repellendus. Aperiam nulla sit sit aliquam.', 1, '2021-03-30 00:47:28', '2021-03-30 00:47:28'),
(217, 4, 'Garth Schroeder PhD', 'At sed qui quos aut. Ipsa possimus explicabo fugiat commodi sunt. Qui quo quaerat qui eum voluptatem.', 1, '2021-03-30 00:47:28', '2021-03-30 00:47:28'),
(218, 36, 'Mrs. Golda Rau', 'Iusto rerum quod voluptate enim voluptas fugit. Error ipsum inventore animi sed. Qui et est tempora molestias quia nostrum.', 2, '2021-03-30 00:47:28', '2021-03-30 00:47:28'),
(219, 5, 'Janet Dickens', 'Sapiente assumenda laborum optio aspernatur voluptas recusandae. Ut reiciendis ut voluptatem sapiente ut expedita. Totam minima et exercitationem ut expedita odit omnis. Vel voluptatum voluptas voluptatem voluptatem expedita perspiciatis.', 5, '2021-03-30 00:47:28', '2021-03-30 00:47:28'),
(220, 41, 'Taurean King', 'Eligendi id sit repellat sequi unde aut sequi est. Et blanditiis omnis est architecto eum libero debitis. Est ad aliquam amet repellat magnam natus libero.', 2, '2021-03-30 00:47:28', '2021-03-30 00:47:28'),
(221, 42, 'Bette Doyle', 'Ut eius labore et quaerat eius earum nam. Occaecati molestias incidunt quo perferendis. Et impedit quia harum. Ab facere unde debitis voluptas et voluptatem unde quo.', 4, '2021-03-30 00:47:29', '2021-03-30 00:47:29'),
(222, 48, 'Beau Howell', 'Tenetur tempora commodi aut velit pariatur laudantium ducimus. Non quos qui qui dolores. Officiis dolores et nam totam. Adipisci adipisci officiis accusamus sit dolor est repellat omnis.', 0, '2021-03-30 00:47:29', '2021-03-30 00:47:29'),
(223, 17, 'Kari Leffler', 'Quam itaque recusandae perspiciatis est. Iste eveniet quasi et vitae. Nihil illum quis accusamus repellat. Corrupti iure debitis facere et qui recusandae. Quas omnis itaque ut minima tempora voluptatem voluptates commodi.', 1, '2021-03-30 00:47:29', '2021-03-30 00:47:29'),
(224, 2, 'Donato Pfeffer', 'Rem ea quae tempora est similique magni porro dolores. Aspernatur itaque vel a dolorem omnis id. Impedit perspiciatis distinctio ut eaque dolor. Minima praesentium voluptatum ipsum amet consequatur sunt quis.', 3, '2021-03-30 00:47:29', '2021-03-30 00:47:29'),
(225, 31, 'Prof. Pasquale Becker I', 'Autem aspernatur doloribus assumenda deleniti ut aut quis. Animi eum provident id. Laudantium dolor optio possimus molestias. Nobis praesentium earum hic illum.', 0, '2021-03-30 00:47:29', '2021-03-30 00:47:29'),
(226, 34, 'Bill Hagenes', 'Quibusdam aut sed officiis voluptas non. Magnam facere ut libero ullam consectetur temporibus saepe. Quibusdam vel aut enim facere qui sit.', 1, '2021-03-30 00:47:29', '2021-03-30 00:47:29'),
(227, 4, 'Theresia Christiansen III', 'Doloribus aut atque pariatur recusandae animi blanditiis a. Ea quae adipisci facilis vitae sit molestiae. Unde minus et aut rerum quos qui.', 1, '2021-03-30 00:47:29', '2021-03-30 00:47:29'),
(228, 19, 'Jonatan Bechtelar', 'Dolor molestiae quas aut enim cum similique vel modi. Assumenda asperiores qui provident minima aut aut a ullam. Qui repellendus rerum voluptas iusto pariatur.', 1, '2021-03-30 00:47:30', '2021-03-30 00:47:30'),
(229, 11, 'Antonina Bednar Jr.', 'Iusto eum quia vero ipsa eos reprehenderit illo eos. Vel quia quae repellat. Et perferendis aliquam molestias est. Quia aut fuga eaque molestiae sit voluptatem minus dolor.', 3, '2021-03-30 00:47:30', '2021-03-30 00:47:30'),
(230, 41, 'Miss Bryana Streich', 'Sed nihil et rerum fuga optio optio odio. Aliquam odio doloribus sint a dolore quia accusamus aperiam. Voluptatibus consequatur ut reprehenderit quia ipsa aut ut.', 2, '2021-03-30 00:47:30', '2021-03-30 00:47:30'),
(231, 11, 'Nicolette King', 'Suscipit reprehenderit consequatur dolorum rerum et. Iure pariatur facilis neque facere est excepturi. Quidem sit nobis quidem officiis. Delectus non quam et dolores incidunt temporibus ut reiciendis.', 4, '2021-03-30 00:47:30', '2021-03-30 00:47:30'),
(232, 30, 'Casper Rowe III', 'Culpa et nostrum perspiciatis magnam cupiditate iste. Blanditiis quidem omnis odit voluptatem. Quisquam quam aut voluptate alias.', 2, '2021-03-30 00:47:30', '2021-03-30 00:47:30'),
(233, 40, 'Guillermo Rempel', 'Illum asperiores ipsum non eum quis. Expedita sed voluptatem in inventore aliquam aut. Ea libero explicabo autem iure fuga est.', 4, '2021-03-30 00:47:31', '2021-03-30 00:47:31'),
(234, 37, 'Leonardo Rutherford', 'Sapiente et consequatur enim et recusandae. Minus harum mollitia ea sunt esse amet quo. Omnis eos possimus aut assumenda voluptatum harum.', 1, '2021-03-30 00:47:31', '2021-03-30 00:47:31'),
(235, 38, 'Ms. Blanche Sporer PhD', 'Illo rerum nostrum velit. Sit culpa omnis rem. Voluptatibus facilis perspiciatis architecto voluptatum quod.', 2, '2021-03-30 00:47:31', '2021-03-30 00:47:31'),
(236, 12, 'Carole Parisian', 'Officia molestiae placeat explicabo quaerat voluptas vel et. Quidem quis sit pariatur soluta sint sunt. Soluta quas ipsa minus illo.', 3, '2021-03-30 00:47:31', '2021-03-30 00:47:31'),
(237, 36, 'Dr. Joshuah Macejkovic V', 'Debitis odio voluptas dolorem velit facilis. Vel rerum qui nesciunt itaque. Nesciunt quia omnis iure voluptatum veniam dolores doloribus laboriosam.', 1, '2021-03-30 00:47:31', '2021-03-30 00:47:31'),
(238, 47, 'Prof. Allan Lang', 'Et nesciunt omnis consequatur occaecati quo ut deleniti blanditiis. Natus quo alias quo adipisci voluptatem aut id. Labore incidunt neque omnis accusantium sed.', 2, '2021-03-30 00:47:31', '2021-03-30 00:47:31'),
(239, 1, 'Prof. Jaiden Lehner Jr.', 'Sequi consequatur cum sunt est amet quos beatae. Aspernatur et in maiores maiores nostrum quae. Minima non et eos aut quam. Tempore itaque tempora est est.', 3, '2021-03-30 00:47:32', '2021-03-30 00:47:32'),
(240, 33, 'Zack Douglas', 'Facere iste expedita et ipsam. Officia totam et alias rerum. Tenetur necessitatibus consectetur et iure. Aut voluptatem ipsum non quo. Eum molestiae rerum assumenda occaecati quam iste aut.', 3, '2021-03-30 00:47:32', '2021-03-30 00:47:32'),
(241, 25, 'Prof. Dianna Bruen MD', 'Dolor omnis asperiores vero porro nihil. Consequuntur eligendi sunt perspiciatis corporis qui placeat sint. Exercitationem voluptas et quos dolorum quis repellat placeat.', 0, '2021-03-30 00:47:32', '2021-03-30 00:47:32'),
(242, 41, 'Carter Thompson', 'Aut ipsa reiciendis quia a et. Quibusdam consequatur in rerum qui laboriosam sint omnis. Animi corrupti consequatur laborum animi.', 3, '2021-03-30 00:47:32', '2021-03-30 00:47:32'),
(243, 41, 'Emie Pollich', 'Voluptatibus voluptates ipsa architecto repellat. Consequatur ipsa qui ut ut qui sed odio. Fugiat voluptas velit et voluptatem ea. Voluptatem ducimus nobis voluptatem voluptas eos commodi libero.', 3, '2021-03-30 00:47:32', '2021-03-30 00:47:32'),
(244, 25, 'Hubert Reilly Jr.', 'Molestias enim quo omnis ab et. Dolorum beatae perferendis ut est qui dolorem. Magni quia quae adipisci voluptatem tempore quia mollitia.', 5, '2021-03-30 00:47:33', '2021-03-30 00:47:33'),
(245, 27, 'Dr. Augusta O\'Connell PhD', 'Et modi culpa recusandae sunt nostrum corporis voluptatem. Modi corporis a corrupti modi esse reprehenderit. Dolorem asperiores molestiae laudantium dignissimos. Ut vel optio ut quasi ipsum rem.', 2, '2021-03-30 00:47:33', '2021-03-30 00:47:33'),
(246, 12, 'Wilma Luettgen IV', 'Ea error perspiciatis consequatur in reprehenderit asperiores ut. Debitis sapiente sit nemo saepe. Possimus reiciendis iusto similique eaque voluptas. Explicabo quam error autem labore ad ratione. Ut autem deserunt qui porro aliquam ullam.', 4, '2021-03-30 00:47:33', '2021-03-30 00:47:33'),
(247, 41, 'Precious Gleichner', 'Aliquam molestias molestias nemo voluptatem qui. Architecto assumenda sed cumque qui possimus fuga. Deleniti dignissimos qui odit maxime. Atque rerum consequatur aut praesentium neque libero nemo.', 5, '2021-03-30 00:47:33', '2021-03-30 00:47:33'),
(248, 47, 'Lillian Larkin', 'Earum exercitationem sed ipsam nulla. Ut reiciendis nam accusamus eaque. Odit explicabo accusamus corrupti cupiditate. Ea voluptas suscipit repellat et omnis. Aut dignissimos id explicabo sit qui aspernatur quia.', 0, '2021-03-30 00:47:34', '2021-03-30 00:47:34'),
(249, 30, 'Cassie Gutmann', 'Nulla eos asperiores voluptatem at. Unde cupiditate doloribus enim ad quia. Non quisquam atque aliquid exercitationem ea minima. Velit laborum iste vel excepturi eos quis aut.', 3, '2021-03-30 00:47:34', '2021-03-30 00:47:34'),
(250, 33, 'Wilford Breitenberg', 'Vel vel sint reprehenderit. Labore repellat deleniti ipsam perferendis recusandae et ut vel.', 1, '2021-03-30 00:47:34', '2021-03-30 00:47:34'),
(251, 13, 'Laurianne Huels', 'Ut dolor ad eos est. Repellendus a consequatur dolor perferendis. Omnis alias ut ipsam incidunt et distinctio. Ut sit aut est modi eum architecto quam.', 3, '2021-03-30 00:47:34', '2021-03-30 00:47:34'),
(252, 7, 'Kelsi Wehner', 'Voluptatibus nihil facilis autem. Ipsam repudiandae et molestias ut. Voluptas consequatur beatae unde. Saepe error iusto vel est aut.', 5, '2021-03-30 00:47:34', '2021-03-30 00:47:34'),
(253, 49, 'Nat Luettgen', 'Molestiae cumque dolores hic consequuntur molestiae quaerat. Aut consequuntur ad cumque omnis adipisci. Fuga rem voluptate nemo tempore.', 3, '2021-03-30 00:47:34', '2021-03-30 00:47:34'),
(254, 46, 'Dr. Esta Kreiger', 'Labore eum quos iste aut fuga illo quas est. Omnis qui et ratione quis et vel. Autem officiis quod aut dolorem amet et.', 5, '2021-03-30 00:47:34', '2021-03-30 00:47:34'),
(255, 32, 'Prof. Edwin McDermott', 'Distinctio et et qui similique. Et adipisci animi in. Neque earum soluta dicta itaque.', 0, '2021-03-30 00:47:35', '2021-03-30 00:47:35'),
(256, 34, 'Sammy Treutel', 'Ex omnis autem rem aut est. Dolorem sit sed esse mollitia. Blanditiis omnis error rerum aut sit perferendis. Id minima quod repudiandae dolore. Qui asperiores harum voluptatem est nostrum.', 4, '2021-03-30 00:47:35', '2021-03-30 00:47:35'),
(257, 17, 'Esmeralda Cruickshank', 'Facilis cum consequatur atque consequatur voluptatem sunt corrupti. Voluptate harum velit deserunt eaque sed nulla ad cupiditate. Et quidem omnis sed tempora sed eum. Tempora est et et incidunt. Ratione quia non qui dignissimos et provident.', 4, '2021-03-30 00:47:35', '2021-03-30 00:47:35'),
(258, 35, 'Selina Reichel', 'Odio et architecto et quia molestias atque autem pariatur. Illum nemo incidunt voluptatem possimus. Est ut perferendis quae quia consequuntur illum est. Unde et quaerat aperiam provident vitae.', 1, '2021-03-30 00:47:35', '2021-03-30 00:47:35'),
(259, 10, 'Mossie Krajcik', 'Qui tempore voluptatem et minus culpa. Ipsa nostrum iste non sit aut asperiores aspernatur. Nam et sed est vero. Voluptatem quod aut omnis. Qui illo magni illo eligendi pariatur consequatur.', 0, '2021-03-30 00:47:35', '2021-03-30 00:47:35'),
(260, 50, 'Reuben Friesen', 'Ut perspiciatis saepe aut voluptatem. Quae et ea amet dolor maiores aut molestias exercitationem. Possimus natus et fugit non dolores quas provident.', 4, '2021-03-30 00:47:35', '2021-03-30 00:47:35'),
(261, 35, 'Sierra Zulauf', 'Ut dolores deserunt non. Aut quidem qui rerum voluptatem dolorem quas voluptas. Aut et ea aut necessitatibus dicta. Consequatur cupiditate sit dolore est nam facere nemo.', 5, '2021-03-30 00:47:35', '2021-03-30 00:47:35'),
(262, 44, 'Astrid Reichel', 'Eaque esse fugiat mollitia tempore cum voluptatem dolorum distinctio. Ut optio odit sit occaecati reiciendis aut. Provident sit alias minima est. Sint repellat reiciendis omnis rerum aspernatur quod.', 4, '2021-03-30 00:47:35', '2021-03-30 00:47:35'),
(263, 21, 'Mr. Dexter Eichmann Sr.', 'Consequatur odio magni magni harum voluptas consectetur vel dolorem. Eos beatae vero soluta explicabo tenetur accusantium tenetur.', 2, '2021-03-30 00:47:36', '2021-03-30 00:47:36'),
(264, 37, 'Ms. Antonietta Haley', 'Quis quis est numquam expedita. Consequatur veniam nihil reiciendis placeat. Et adipisci eum est accusamus id earum. Repellat est necessitatibus harum optio. Perspiciatis mollitia exercitationem harum minus ut.', 0, '2021-03-30 00:47:36', '2021-03-30 00:47:36'),
(265, 5, 'Brice Schiller', 'Vitae eius quidem quis dolorum asperiores sit voluptas. Et quidem dolores voluptate. Doloremque quos et reiciendis velit velit. Ipsam aut voluptatem blanditiis libero qui vitae commodi.', 1, '2021-03-30 00:47:36', '2021-03-30 00:47:36'),
(266, 6, 'Ernestina Watsica', 'Voluptas ut ad autem ad non ad recusandae. Qui natus repellat sint voluptatum. Rerum repellat officia consequatur id ea enim.', 2, '2021-03-30 00:47:36', '2021-03-30 00:47:36'),
(267, 20, 'Pink Thompson', 'Quia neque dolorem sit ut molestiae facilis est eos. At iusto corrupti voluptatibus placeat velit nihil qui atque. Aliquid magnam deserunt libero ut officia natus. Laboriosam velit neque occaecati unde ut.', 4, '2021-03-30 00:47:36', '2021-03-30 00:47:36'),
(268, 15, 'Adelia Cronin', 'Maiores dolorem ducimus et aut. Id doloribus cumque vero qui velit. Eos mollitia autem sequi ea quis incidunt in. Aut expedita sapiente magni aut.', 2, '2021-03-30 00:47:36', '2021-03-30 00:47:36'),
(269, 8, 'Prof. Ariane Smitham I', 'Tenetur est magni aut et omnis voluptas modi. Quos ut consectetur voluptas tempora. Eligendi dignissimos totam odit rerum.', 0, '2021-03-30 00:47:36', '2021-03-30 00:47:36'),
(270, 40, 'Reymundo Murphy', 'Et quod adipisci qui beatae. Rerum aliquam consequatur et eveniet rerum nulla repellat. Quis quisquam quibusdam officia itaque.', 1, '2021-03-30 00:47:36', '2021-03-30 00:47:36'),
(271, 11, 'Dr. Enrique Zulauf', 'Sequi incidunt maiores et quis odit harum et. Optio est nobis consequatur iure vel est ea quod. Quisquam ea in et sunt quas temporibus ad nobis. Est omnis molestias dolores et officia ut autem magni.', 3, '2021-03-30 00:47:36', '2021-03-30 00:47:36'),
(272, 20, 'Ray Jacobson', 'Aut non sint veritatis optio nobis. Non rerum tempora voluptatibus perspiciatis nihil in. Vitae velit sit minus eligendi a veritatis.', 5, '2021-03-30 00:47:36', '2021-03-30 00:47:36'),
(273, 7, 'Roberta Mueller DVM', 'Tempora ut sunt et. A molestiae dolore dignissimos est. Et et eum at enim ipsa excepturi est. Et aut ipsa qui voluptatem necessitatibus tempora.', 4, '2021-03-30 00:47:37', '2021-03-30 00:47:37'),
(274, 6, 'Yasmin Beier PhD', 'Exercitationem et exercitationem reiciendis nemo. Quos non voluptates pariatur reprehenderit. Doloribus hic voluptate est iusto.', 5, '2021-03-30 00:47:37', '2021-03-30 00:47:37'),
(275, 8, 'Janie Jacobson', 'Iste inventore assumenda esse laborum. Unde nostrum quia ullam amet voluptatem. Aliquam porro cupiditate iste quos dolores earum saepe. Aspernatur commodi assumenda iure dolores ipsum.', 1, '2021-03-30 00:47:37', '2021-03-30 00:47:37'),
(276, 41, 'Ms. Jammie Tromp Sr.', 'Aliquid vitae a consequatur sed et est. Necessitatibus tempore dolores repudiandae maiores eius. Fugiat commodi commodi veritatis commodi. Impedit consequatur repellendus laudantium delectus.', 0, '2021-03-30 00:47:37', '2021-03-30 00:47:37'),
(277, 44, 'Dr. Ronaldo Bailey DDS', 'Voluptatem et dolor dolorum consectetur doloribus. Ullam vitae consequatur ut molestiae assumenda. Nisi eaque qui exercitationem et nobis laudantium accusamus. Minima itaque quod facilis voluptas natus.', 0, '2021-03-30 00:47:37', '2021-03-30 00:47:37'),
(278, 8, 'Haleigh Bergnaum', 'Ducimus dolores corporis itaque veniam sunt. Eius enim et aut impedit qui magni repudiandae. Minima eaque rerum vero magni in deserunt voluptatem deserunt.', 5, '2021-03-30 00:47:37', '2021-03-30 00:47:37'),
(279, 13, 'Juvenal Swift', 'Id assumenda inventore assumenda quam molestiae at iusto est. Explicabo qui dolor corrupti dolores. Quod ad ut et eaque. Magni voluptatem qui magnam distinctio magni.', 3, '2021-03-30 00:47:37', '2021-03-30 00:47:37'),
(280, 25, 'Ms. Malinda Sawayn', 'Assumenda dolorem tenetur autem neque illum ut aliquam. Est sunt earum et aut blanditiis culpa. Ad molestiae commodi sint numquam a. Sit sint sed ut.', 1, '2021-03-30 00:47:37', '2021-03-30 00:47:37'),
(281, 44, 'Cassandra Lehner', 'Molestiae dicta tempore incidunt vel exercitationem aut velit. Repellat voluptatem voluptas commodi maxime debitis nisi voluptatum voluptatem.', 4, '2021-03-30 00:47:38', '2021-03-30 00:47:38'),
(282, 18, 'Wilfredo Brakus', 'Esse temporibus ut sint minima alias aut facere accusamus. Possimus voluptas modi ipsam praesentium fuga minima aliquam. Dignissimos totam quia praesentium deserunt sequi perspiciatis. Consectetur dolorum adipisci quia et perspiciatis commodi explicabo.', 2, '2021-03-30 00:47:38', '2021-03-30 00:47:38'),
(283, 16, 'Nora Osinski', 'Repudiandae dolores aspernatur quia. Sit quia blanditiis recusandae velit ea quibusdam. Omnis saepe neque ipsa. Ut consequatur fugiat eum officiis ut molestiae earum ullam.', 3, '2021-03-30 00:47:38', '2021-03-30 00:47:38'),
(284, 46, 'Audie Halvorson', 'Similique atque accusamus sunt sed id. Est expedita non incidunt veritatis recusandae a in. Culpa et et dolor enim nobis labore et. Tempore in consectetur illo modi odio et.', 3, '2021-03-30 00:47:38', '2021-03-30 00:47:38'),
(285, 21, 'Samanta Fay', 'Et beatae eum quia iste aut ut repellendus. Ullam porro et et enim error saepe. Maiores praesentium dicta repellat nam nulla. Qui assumenda cupiditate ex omnis officia blanditiis.', 1, '2021-03-30 00:47:38', '2021-03-30 00:47:38'),
(286, 2, 'Letitia Marquardt', 'Vitae amet est voluptatem ut cupiditate fugit. Aperiam unde dolores beatae ut.', 5, '2021-03-30 00:47:38', '2021-03-30 00:47:38'),
(287, 39, 'Ofelia Lehner', 'Error hic velit veniam autem. Impedit dolores et expedita porro qui exercitationem. Veritatis fugiat est itaque quo sapiente tempora. Et aut maiores et eius molestiae suscipit qui.', 3, '2021-03-30 00:47:39', '2021-03-30 00:47:39'),
(288, 5, 'Sim Greenfelder', 'Atque libero molestias ratione sit fugiat sunt ex. Nostrum ut eum odit sed fuga explicabo.', 5, '2021-03-30 00:47:39', '2021-03-30 00:47:39'),
(289, 21, 'Lucy Price', 'Consequatur perferendis et explicabo inventore at aut quidem. Rerum dolores dolorem adipisci quis excepturi ut eos asperiores. Ipsum similique numquam dolorem animi.', 5, '2021-03-30 00:47:39', '2021-03-30 00:47:39'),
(290, 4, 'Kavon Balistreri', 'Laboriosam ratione est ratione iste praesentium quia. Cupiditate cupiditate ipsam quas fugit. Delectus quis eaque aliquam impedit.', 4, '2021-03-30 00:47:39', '2021-03-30 00:47:39'),
(291, 2, 'Ms. Kali Anderson V', 'Dolores ducimus ut sed praesentium. Est maiores perspiciatis ut nisi aut explicabo cumque. Cumque voluptas molestiae et soluta.', 3, '2021-03-30 00:47:39', '2021-03-30 00:47:39'),
(292, 13, 'Dannie Cormier', 'Itaque aut officia non eius. Sed et architecto veritatis.', 4, '2021-03-30 00:47:39', '2021-03-30 00:47:39'),
(293, 12, 'Alberta Schneider', 'Accusantium laboriosam quaerat est. Ullam et est aut recusandae. Est ratione eos dolor consequuntur ipsum ut. Officiis ipsam voluptas perspiciatis magnam nesciunt provident.', 5, '2021-03-30 00:47:39', '2021-03-30 00:47:39'),
(294, 28, 'Miss Tianna Ward', 'Sit aut voluptate ea at laudantium voluptas nemo. Repudiandae eligendi ea magni sint sunt ipsam mollitia.', 3, '2021-03-30 00:47:40', '2021-03-30 00:47:40'),
(295, 4, 'Ruthie Abbott DDS', 'Architecto non sit optio qui molestiae saepe veritatis. Vel fugit veniam id magni. Aut provident aliquid ipsa reprehenderit dolorum voluptatibus nobis.', 3, '2021-03-30 00:47:40', '2021-03-30 00:47:40'),
(296, 33, 'Avery Stroman', 'Vitae et commodi aut non quae. Vel ad ut magni sequi rerum est veritatis.', 2, '2021-03-30 00:47:40', '2021-03-30 00:47:40'),
(297, 3, 'Ronny Lebsack', 'Perspiciatis vitae et aliquam exercitationem. Neque eos id in accusamus. Officiis cum officia esse voluptatem qui porro. Eligendi porro cupiditate fugiat facere et.', 4, '2021-03-30 00:47:40', '2021-03-30 00:47:40'),
(298, 13, 'Dr. Ludwig Wyman III', 'Ut assumenda aut quo doloremque est et. Animi aut neque commodi vitae consequuntur consequatur. Eum ut consequatur sed accusantium sint. Dignissimos nobis voluptatem eius.', 5, '2021-03-30 00:47:40', '2021-03-30 00:47:40'),
(299, 1, 'Mr. Lorenz Spencer', 'Molestias et commodi sed qui magni quasi. Est a ut aspernatur voluptas. Soluta odio quia voluptatum repudiandae. Aperiam officiis minus amet iusto accusamus commodi.', 1, '2021-03-30 00:47:40', '2021-03-30 00:47:40'),
(300, 45, 'Wallace Spinka', 'Eligendi dolores ea blanditiis rerum odit. Nihil ut modi molestiae. Omnis nihil sunt quisquam aut fuga iure.', 0, '2021-03-30 00:47:40', '2021-03-30 00:47:40');

-- --------------------------------------------------------

--
-- Table structure for table `users`
--

CREATE TABLE `users` (
  `id` bigint UNSIGNED NOT NULL,
  `name` varchar(255) COLLATE utf8mb4_unicode_ci NOT NULL,
  `email` varchar(255) COLLATE utf8mb4_unicode_ci NOT NULL,
  `email_verified_at` timestamp NULL DEFAULT NULL,
  `password` varchar(255) COLLATE utf8mb4_unicode_ci NOT NULL,
  `remember_token` varchar(100) COLLATE utf8mb4_unicode_ci DEFAULT NULL,
  `created_at` timestamp NULL DEFAULT NULL,
  `updated_at` timestamp NULL DEFAULT NULL
) ENGINE=InnoDB DEFAULT CHARSET=utf8mb4 COLLATE=utf8mb4_unicode_ci;

--
-- Indexes for dumped tables
--

--
-- Indexes for table `failed_jobs`
--
ALTER TABLE `failed_jobs`
  ADD PRIMARY KEY (`id`);

--
-- Indexes for table `migrations`
--
ALTER TABLE `migrations`
  ADD PRIMARY KEY (`id`);

--
-- Indexes for table `password_resets`
--
ALTER TABLE `password_resets`
  ADD KEY `password_resets_email_index` (`email`);

--
-- Indexes for table `products`
--
ALTER TABLE `products`
  ADD PRIMARY KEY (`id`);

--
-- Indexes for table `reviews`
--
ALTER TABLE `reviews`
  ADD PRIMARY KEY (`id`),
  ADD KEY `reviews_product_id_index` (`product_id`);

--
-- Indexes for table `users`
--
ALTER TABLE `users`
  ADD PRIMARY KEY (`id`),
  ADD UNIQUE KEY `users_email_unique` (`email`);

--
-- AUTO_INCREMENT for dumped tables
--

--
-- AUTO_INCREMENT for table `failed_jobs`
--
ALTER TABLE `failed_jobs`
  MODIFY `id` bigint UNSIGNED NOT NULL AUTO_INCREMENT;

--
-- AUTO_INCREMENT for table `migrations`
--
ALTER TABLE `migrations`
  MODIFY `id` int UNSIGNED NOT NULL AUTO_INCREMENT, AUTO_INCREMENT=6;

--
-- AUTO_INCREMENT for table `products`
--
ALTER TABLE `products`
  MODIFY `id` int UNSIGNED NOT NULL AUTO_INCREMENT, AUTO_INCREMENT=51;

--
-- AUTO_INCREMENT for table `reviews`
--
ALTER TABLE `reviews`
  MODIFY `id` int UNSIGNED NOT NULL AUTO_INCREMENT, AUTO_INCREMENT=301;

--
-- AUTO_INCREMENT for table `users`
--
ALTER TABLE `users`
  MODIFY `id` bigint UNSIGNED NOT NULL AUTO_INCREMENT;

--
-- Constraints for dumped tables
--

--
-- Constraints for table `reviews`
--
ALTER TABLE `reviews`
  ADD CONSTRAINT `reviews_product_id_foreign` FOREIGN KEY (`product_id`) REFERENCES `products` (`id`) ON DELETE CASCADE;
COMMIT;

/*!40101 SET CHARACTER_SET_CLIENT=@OLD_CHARACTER_SET_CLIENT */;
/*!40101 SET CHARACTER_SET_RESULTS=@OLD_CHARACTER_SET_RESULTS */;
/*!40101 SET COLLATION_CONNECTION=@OLD_COLLATION_CONNECTION */;
